-9.620861397663382775e-06,6.645194745720089946e-04,1.581918601375853495e-02,9.998698449397261934e-01,-3.084959897268159910e-03,-2.964419152761063061e-04,-1.403382251341890509e-14,-1.808115268584062623e-14,-1.581599123899028785e-14,-7.298003639470040875e-18,-2.637841819811523210e-17,3.215287028783383876e-18,-5.329727209262189576e-17,-1.713311798567292023e-16,3.972214567828061787e-17,-9.630060590784318660e-18,-2.502774979008063255e-17,-3.316937806353624094e-17,-3.170750584002252936e-17,1.508686561240407003e-16,5.712291170060481634e-17,-7.534604212893196311e-17,6.669140339952902956e-17,6.131807183402538674e-17,-1.124141078507611918e-17,-2.916151688824077768e-17,-8.722017995263056163e-17,7.015071525393507524e-17,7.363538534191983240e-18,3.076499907011545920e-17,-2.879380159558587537e-17,1.401814131281081455e-16,-7.167426870267672451e-17,-3.027800289390206809e-17,7.531843645136698370e-17,5.708509747275492019e-18,-1.168636330659081897e-18,-4.238924575304105854e-17,-6.354822445055779163e-17,1.981071573609218356e-17
-3.268240803988575749e-06,4.752634478265294060e-06,3.344900610935397367e-06,4.376503941720482314e-05,-2.038514987580944057e-03,1.690185524380163062e-01,3.804465786025897911e-01,7.005313708397050698e-01,5.796069773326953944e-01,-3.303301587941759321e-04,-6.369950467776683365e-04,8.702446337936543569e-05,-3.978226196362788480e-06,-7.699739666331134664e-06,-3.456912050499817812e-06,7.004791809631001512e-07,-3.484187540243549226e-06,-1.094333006441271692e-06,1.645629149310139398e-17,-1.074094587741437687e-16,-9.112861213701898330e-17,-1.130583052196137155e-17,-9.143045799198242701e-17,6.504502458988737499e-17,8.301374401436001796e-17,3.303418206094446512e-17,-7.140014315355398941e-18,-3.336827564932520048e-17,-2.575840531339263214e-17,-7.870072754189885276e-18,-5.229344069868530755e-17,-6.150369658631809064e-17,-1.039905188611230281e-17,-2.262539925146270891e-17,1.485154798426775964e-18,2.437601073842173528e-17,8.286981823947691776e-18,6.262617533842423290e-18,-1.310615428144854367e-16,4.657538552182111715e-18
-3.268240804014887980e-06,4.752634478633055437e-06,3.344900610949275155e-06,4.376503939300391277e-05,-2.038514987569030844e-03,1.690185524379407001e-01,8.866427244598235058e-01,-4.074650426863917763e-01,-1.388001713263788406e-01,1.432876821221623928e-05,3.296512672255252284e-05,-1.458197319153610425e-05,-1.824235240533070206e-05,-8.475260915556893433e-06,-6.617212575433948024e-06,-6.184982347380426733e-06,2.044749875689400816e-06,4.890421028358837305e-06,-4.548381462396824386e-16,1.983519089520540967e-17,1.056030500217933532e-16,-5.321696066532049026e-17,-3.377679556177258857e-18,2.437794504200711273e-17,4.723992298215148931e-17,7.712318921865221051e-18,-1.074142751321718281e-17,4.772436548213089761e-17,6.390742655716826863e-17,5.712609012363165402e-17,4.052314547062655604e-17,-2.911352487732043816e-17,-2.050855726689819416e-17,1.615636509358253059e-17,-1.091139638871963043e-17,-3.261432249745724212e-17,-5.112297482824058759e-17,-4.295287201112294210e-17,-1.109677295588155573e-16,-5.144101634784761284e-17
-4.782804350825227013e-06,8.231919994453051892e-06,2.662095498587660480e-05,-3.089124398889642187e-03,-9.999225135684398635e-01,-1.205916125221950623e-02,-3.431039089987521011e-15,-7.344114465873685660e-15,-5.990338975726816617e-15,-6.003214574665518977e-17,1.304441161247340690e-17,8.491327369674600743e-17,-3.874873068302290898e-17,-7.586635632386169099e-17,-8.139516681128319570e-17,-1.080934788386404661e-17,-3.629610004854347311e-18,1.672878552337213369e-17,1.376886743718834215e-17,1.864808917378146230e-17,-7.716529105848020340e-17,9.242190167325690559e-17,-8.416579049332189971e-18,4.966839049091759085e-17,1.107835023644233251e-17,1.242978886907865111e-17,-6.421536423201451111e-18,-6.944018362575374601e-17,-2.757009308258727153e-17,-1.166509852044716890e-16,4.630628773430561469e-17,-2.349071186225764565e-17,4.344586101090842699e-17,4.177302064161807954e-17,-7.489025642860738872e-17,-7.633622289664742411e-18,-1.166774005839150467e-17,1.075579759764672035e-17,1.670004917844157798e-16,-7.299026677208576596e-17
-3.268240804014892216e-06,4.752634478311461591e-06,3.344900610966137040e-06,4.376503938927829595e-05,-2.038514987570239079e-03,1.690185524380048987e-01,-2.850099649809735569e-02,3.146006881593896298e-02,-6.846145371384999845e-02,-5.791510623299865879e-01,4.769344484823079267e-01,2.627363301740139878e-01,-2.919853387069502593e-01,-3.056971386636535004e-01,-2.391555167185847042e-01,-1.678771371012204860e-01,2.342969656636633424e-01,1.185217981971805334e-01,-8.631433459981185039e-12,1.793526906872940625e-13,8.652529522917753808e-15,-5.649951718450170655e-16,-7.108595417000374174e-16,-2.072250023160104748e-16,-1.544355359972779138e-18,-4.870058743288792991e-17,-2.468968130540164325e-16,1.025870877567531851e-16,-1.376227803096159227e-16,-2.043909765890172889e-16,4.814374283450757587e-17,1.789703305196641841e-16,7.210314946390481196e-17,2.959438702129452248e-17,-6.992336420617934957e-17,3.381384784287003414e-17,7.519143428148020259e-17,-9.313212766023286818e-17,2.872969724218157562e-16,-1.000909665260263025e-16
-9.998666129033688676e-01,-1.574304602995304711e-02,-4.348296141458216427e-03,6.964602059902367051e-05,4.548354018808244137e-06,-1.876844540626976254e-05,1.665207926828090458e-16,3.330669073875469621e-16,1.110223024625156540e-16,5.551115123125782702e-17,-2.220446049250313081e-16,0.000000000000000000e+00,2.775557561562891351e-17,0.000000000000000000e+00,-5.551115123125782702e-17,4.163336342344337027e-17,-2.775557561562891351e-17,-2.775557561562891351e-17,7.099511391176466736e-17,2.206165144539866308e-16,-9.379660023704470149e-17,3.574666193651409011e-17,1.269304687991081080e-16,1.670460899710876430e-16,2.282623259899559082e-17,1.341718068626194582e-17,-7.939228144541973228e-18,1.161770291541275884e-17,2.129591905550410156e-17,5.388091108994582530e-17,-3.159342832621111311e-18,6.678596282043369368e-17,-3.276594599883461032e-17,-2.359624141785574275e-17,5.099097033873544452e-17,1.243562615879970928e-17,3.691231917772899877e-17,7.601451752009787262e-18,-8.450194343361043514e-17,-8.353567838676283236e-17
-3.268240804014892216e-06,4.752634478311460744e-06,3.344900610966137040e-06,4.376503938927831628e-05,-2.038514987570313238e-03,1.690185524380048709e-01,-2.676972505425601057e-02,3.852112532078622031e-02,-7.821545806316188010e-02,3.695401742872653911e-02,2.680382845317498541e-02,-1.063974805214335517e-01,-2.001219833976044041e-02,-2.423498900301864975e-02,-1.049936653608790627e-02,-8.186984454932511382e-03,-6.173735941464202071e-02,-1.687950261048518086e-02,9.697997908175676196e-01,-6.270601018645824420e-02,8.588248689039041251e-04,9.403546320375515436e-05,1.251043233713624973e-04,1.586090968704619817e-05,4.977737700376729007e-05,2.649225775461618712e-05,1.264242684749037527e-06,2.808755834560496047e-05,6.097605026584028464e-06,6.578809705592952247e-06,4.551054056340329078e-06,5.074621228741292751e-06,-4.054817774430585824e-06,4.771306494740864575e-06,6.787956781479407981e-08,-4.039253323761094148e-07,-5.641163900845413847e-07,1.978601575202997227e-17,-2.229015477522855327e-17,2.664591785835594590e-17
-3.268240804014892216e-06,4.752634478311460744e-06,3.344900610966137040e-06,4.376503938927831628e-05,-2.038514987570313238e-03,1.690185524380048709e-01,-2.676972505425597587e-02,3.852112532078599827e-02,-7.821545806316174132e-02,3.695401742872435336e-02,2.680382845319635721e-02,-1.063974805215169850e-01,-2.001219833934290981e-02,-2.423498899412272062e-02,-1.049936654809879855e-02,-8.186984471291755203e-03,-6.173735937463853407e-02,-1.687950279087683039e-02,-1.195326467867669357e-01,-9.633346424360862414e-01,-4.628693345126091985e-02,1.150067799595595741e-04,4.742977410081346159e-04,-7.327722377862433191e-06,-1.347979738323698095e-04,-1.333628981264818104e-04,-3.332757760900188933e-05,2.989706400085449730e-05,1.757931269156269157e-05,1.347711795331479588e-05,-1.265086609197879252e-05,1.780507712689266116e-05,5.038466512610345457e-06,-7.495574095782738504e-06,4.176702147071977920e-06,1.706383601713426838e-06,-1.299863021396009549e-06,5.047416922577691257e-17,1.508878987675224063e-16,-1.847457172473196197e-16
-3.268240804014892216e-06,4.752634478311460744e-06,3.344900610966137040e-06,4.376503938927831628e-05,-2.038514987570313238e-03,1.690185524380048709e-01,-2.676972505425597587e-02,3.852112532078602603e-02,-7.821545806316154703e-02,3.695401742878370865e-02,2.680382845311009288e-02,-1.063974805215589792e-01,-2.001219833931931411e-02,-2.423498899458311623e-02,-1.049936654717805243e-02,-8.186984469766811837e-03,-6.173735937759695230e-02,-1.687950277785157938e-02,-4.932119606433686687e-02,1.098692947325099756e-01,-9.594280056102341137e-01,-9.493603793578898886e-02,-1.356982769809968181e-02,-1.434569201575917104e-03,2.474981069779955481e-03,9.590315087920410833e-03,2.237208966745739529e-03,-8.231128424500359225e-03,7.494025002538201065e-03,2.895338392992219834e-03,1.206779342815959052e-04,-2.711575383133322300e-04,-1.043712448896833359e-03,1.327507210683367359e-03,-2.606691730856368545e-04,-9.665287405432336412e-04,3.364543437801210436e-04,-2.001561792480408837e-15,-1.471115226420201919e-16,1.002208119372254283e-16
-3.268240804014892216e-06,4.752634478311460744e-06,3.344900610966122640e-06,4.376503938927757767e-05,-2.038514987570313238e-03,1.690185524380048709e-01,-2.601679711647668022e-02,4.185112462318071880e-02,-8.334101691991613325e-02,-3.092545730865532416e-01,-3.295794791999489548e-01,4.770216316465131223e-02,6.627413180902939904e-02,1.867175473246427408e-01,1.617321312156725643e-01,-1.240091566741560597e-01,7.681673930426284602e-02,4.646720532894207945e-02,1.106699836887908850e-04,3.008518262858094622e-03,-5.490816856686278613e-02,4.618782228944088852e-01,6.689949434468522860e-01,3.796020052012923085e-02,2.422728528539067408e-02,-1.840574953456322951e-02,-4.754631169242610859e-03,-2.973085653043638574e-03,1.006850148045310839e-02,9.466379564284179739e-04,-6.785152021519037444e-03,1.344715717482237831e-02,-1.842309723136751308e-03,2.109083512402866109e-03,4.461298332828904888e-03,-1.216200511545865092e-03,6.736005867563605145e-04,-2.799900054737562295e-14,1.711121612886115628e-17,-8.556776779350966332e-17
-3.268240804014886286e-06,4.752634478311453968e-06,3.344900610966126452e-06,4.376503938927772674e-05,-2.038514987570310636e-03,1.690185524380045656e-01,-9.140766129557527375e-02,-2.250237712999874073e-01,2.824693443315847707e-01,-1.089089846276709711e-01,-1.284483950122239371e-01,-2.030421391367782935e-03,2.136997713878213689e-01,-2.027191498515159840e-01,-1.642378508884468347e-01,1.244699198635152715e-01,-7.880947154761633322e-02,-4.666074289692061228e-02,-2.124415314071620431e-04,-2.467875543204767208e-03,5.481386434924948037e-02,-6.280497740653689931e-01,4.449404808523880206e-01,-1.465372815050808020e-01,6.422374816300922828e-02,4.511970754426515573e-02,-8.301248785609538494e-02,1.820381402751475586e-01,6.054668701089365411e-03,3.641004978061693209e-02,1.734517933190967559e-02,3.430790192798830601e-02,2.099024917472160079e-02,1.433987473665504844e-02,-3.248314789590922135e-03,-6.655321250143169699e-03,-5.788375982560754231e-03,-1.385321658824530882e-14,3.407654515757288463e-16,3.372334829668967175e-16
-3.268240804014886710e-06,4.752634478311453968e-06,3.344900610966140428e-06,4.376503938927852634e-05,-2.038514987570313238e-03,1.690185524380045934e-01,-9.136940679654007025e-02,-2.251619399902137775e-01,2.832413706741894188e-01,6.835238166837295792e-02,3.355009640387557890e-01,-6.356587605910046790e-02,9.030328788756394887e-02,2.924774644288766212e-01,2.513374577649655217e-01,-1.874084060683247899e-01,1.179132574596086502e-01,7.063532028116965844e-02,-3.746735435442016815e-05,-6.255873855149918228e-04,1.429086581694621882e-02,-1.569391302933587640e-01,9.491625053170349435e-02,5.365621518759731146e-01,-3.497796685933787231e-01,3.577228332779923414e-02,1.575728747202768676e-01,-1.459955512220121598e-01,-1.126758797275133686e-02,-1.293149074657263392e-03,3.365365395054987357e-02,-6.336286757521594759e-02,-5.951022106053039870e-03,-4.378517646201035562e-02,2.032249070478150260e-02,-2.470207257863179379e-02,1.537078878694217964e-02,-4.797902942467965134e-14,-6.302669277349513196e-16,-2.002570723084793225e-16
-3.268240804014892216e-06,4.752634478311460744e-06,3.344900610966137040e-06,4.376503938927831628e-05,-2.038514987570313238e-03,1.690185524380048709e-01,-2.676972505425597587e-02,3.852112532078602603e-02,-7.821545806316163030e-02,3.695401742878867690e-02,2.680382845310657833e-02,-1.063974805215622960e-01,-2.001219833931422443e-02,-2.423498899451973637e-02,-1.049936654725489027e-02,-8.186984469872947423e-03,-6.173735937741695046e-02,-1.687950277858703274e-02,-5.333906849134393419e-02,6.184646124209366297e-02,5.116062866575715740e-02,3.344016806763246141e-02,-3.215760838269580979e-02,2.237215919942954212e-01,1.237153009614368471e-01,-3.443100992544970707e-01,-8.683833281836783255e-03,4.705014124318064317e-01,-6.723044534491798840e-01,-2.400094479019078963e-01,5.848428826292399740e-02,-1.435065338832780708e-02,3.022785787025156212e-02,-8.827630449730201889e-02,3.310042177485389425e-02,6.525247517903554062e-02,-1.916399692638908955e-02,-3.854850210410986563e-13,-1.148348373031781106e-15,-1.703060464484534642e-16
-3.268240804014892216e-06,4.752634478311460744e-06,3.344900610966137040e-06,4.376503938927831628e-05,-2.038514987570313238e-03,1.690185524380048709e-01,-2.676972505425597587e-02,3.852112532078602603e-02,-7.821545806316163030e-02,3.695401742878867690e-02,2.680382845310657833e-02,-1.063974805215622960e-01,-2.001219833931429729e-02,-2.423498899451947963e-02,-1.049936654725482782e-02,-8.186984469873785294e-03,-6.173735937741509083e-02,-1.687950277859389878e-02,-5.338417065773421594e-02,6.118957850606157600e-02,6.507473888951045837e-02,3.062884202641211889e-02,-1.431284598524256921e-02,-9.851417060405547044e-02,-2.535720957587164204e-01,1.437665417255885592e-01,2.934187841470666802e-01,1.357831258575664668e-01,-9.060071032897618060e-03,-9.278000587348989026e-02,-3.628939335178340553e-01,7.332302509818139358e-01,-5.661554679594137107e-02,1.897656168718021841e-01,8.477983339271792651e-02,-9.189455434568681580e-02,2.027401733918691995e-02,-2.866792068070681080e-12,-8.551807738586541148e-15,-5.767026945667905172e-16
-3.268240804014892216e-06,4.752634478311460744e-06,3.344900610966137040e-06,4.376503938927831628e-05,-2.038514987570313238e-03,1.690185524380048709e-01,-2.676972505425597587e-02,3.852112532078602603e-02,-7.821545806316163030e-02,3.695401742878867690e-02,2.680382845310657833e-02,-1.063974805215622960e-01,-2.001219833931429729e-02,-2.423498899451961494e-02,-1.049936654725502905e-02,-8.186984469874401121e-03,-6.173735937741414714e-02,-1.687950277859789211e-02,-5.340653689131729526e-02,6.101418314984725921e-02,6.820353326883525635e-02,8.497493246821606616e-03,2.249744176158111064e-02,-2.306740559150789460e-01,5.130979754379337565e-03,-5.746815874559300236e-02,7.571964036778999763e-01,1.904644757898617813e-01,1.795373737496261390e-01,2.181586500272717638e-02,1.632258976975972664e-01,-4.026362054184938200e-01,-1.091752085052240945e-01,2.412233177316410598e-02,1.429755917947302390e-01,-6.171665358092336823e-02,9.086560713724890770e-02,5.485936261142543917e-12,1.690949842638882930e-14,-5.557798544401642073e-16
-3.268240804014892216e-06,4.752634478311460744e-06,3.344900610966137040e-06,4.376503938927831628e-05,-2.038514987570313238e-03,1.690185524380048709e-01,-2.676972505425597587e-02,3.852112532078602603e-02,-7.821545806316163030e-02,3.695401742878867690e-02,2.680382845310657833e-02,-1.063974805215622960e-01,-2.001219833931429729e-02,-2.423498899451961494e-02,-1.049936654725494752e-02,-8.186984469873870296e-03,-6.173735937741502144e-02,-1.687950277859442613e-02,-5.338635284779876672e-02,6.124914485283237259e-02,6.322516746380459074e-02,6.242887156272459992e-02,-2.843321700203431390e-02,-5.708236589703352681e-02,-6.254038825570416849e-02,1.205073380394154903e-01,-4.293413295772186000e-02,-1.822145342620540981e-02,-4.222580650164767246e-02,3.686156799040512522e-01,6.519049259511091599e-01,3.140179939998223313e-01,3.305784678100750495e-01,-3.067362678524199193e-01,9.493782840191819505e-02,-1.760220720306840958e-01,2.566087168040263183e-02,5.940828220969455661e-13,2.942576441204920378e-15,-9.656170381184622571e-16
-3.268240804014892216e-06,4.752634478311460744e-06,3.344900610966137040e-06,4.376503938927831628e-05,-2.038514987570313238e-03,1.690185524380048709e-01,-2.676972505425597587e-02,3.852112532078602603e-02,-7.821545806316163030e-02,3.695401742878867690e-02,2.680382845310657833e-02,-1.063974805215622960e-01,-2.001219833931429729e-02,-2.423498899451961494e-02,-1.049936654725494752e-02,-8.186984469873931011e-03,-6.173735937741486879e-02,-1.687950277859589371e-02,-5.339474910817811754e-02,6.113342453127196263e-02,6.586983408075260116e-02,2.593499478363294267e-02,-6.193541721062360318e-03,-1.343508974699023084e-05,-1.256404570634036544e-01,1.714815580151408392e-01,-1.521061742566177377e-01,9.184190023809048198e-02,2.596724775311847200e-01,-2.685121270186904274e-01,2.242893331089663711e-01,4.829112259847934130e-02,-2.160716925844776981e-01,-1.217625147186439660e-01,1.650620744683213847e-01,7.400856323540714321e-01,-1.655054229365106877e-01,1.001286051849187109e-11,2.264849609307501869e-14,3.164951774189709255e-15
-3.268240804014892216e-06,4.752634478311460744e-06,3.344900610966137040e-06,4.376503938927831628e-05,-2.038514987570313238e-03,1.690185524380048709e-01,-2.676972505425597587e-02,3.852112532078602603e-02,-7.821545806316163030e-02,3.695401742878867690e-02,2.680382845310657833e-02,-1.063974805215622960e-01,-2.001219833931429729e-02,-2.423498899451961494e-02,-1.049936654725494752e-02,-8.186984469873931011e-03,-6.173735937741484103e-02,-1.687950277859506798e-02,-5.338855841891846504e-02,6.119409849509618859e-02,6.447824192588895442e-02,4.418253510132489487e-02,-1.915046697403831322e-02,-1.087940463277416517e-02,-1.197402584681044740e-01,2.067911022936380905e-01,-3.852321093159371546e-01,6.107744137928178274e-02,-6.267445001913408975e-02,1.373361938629494849e-01,-1.476983860939614646e-01,-2.386944690789260526e-01,-3.258488212733235412e-01,3.241488665845723011e-02,6.258932850193151820e-01,-3.065903919607141925e-01,1.657491892991679872e-01,7.909169471778219980e-13,-1.227298939674200286e-15,-2.881531550378560369e-15
-3.268240804014892216e-06,4.752634478311460744e-06,3.344900610966137040e-06,4.376503938927831628e-05,-2.038514987570313238e-03,1.690185524380048709e-01,-2.676972505425597587e-02,3.852112532078602603e-02,-7.821545806316163030e-02,3.695401742878867690e-02,2.680382845310657833e-02,-1.063974805215622960e-01,-2.001219833931429729e-02,-2.423498899451961494e-02,-1.049936654725494752e-02,-8.186984469873931011e-03,-6.173735937741484103e-02,-1.687950277859506104e-02,-5.338989253425552306e-02,6.117641268646611952e-02,6.486022676056144021e-02,3.675524401801715663e-02,-8.302007866809034409e-03,-1.295896380896319547e-02,-1.013055570946664874e-01,1.498669916756579235e-01,-9.130242781411537778e-02,7.906606287840688141e-02,1.018126714958257281e-02,6.780794057079575499e-02,-1.019365685897893614e-01,-1.480660315689132089e-01,8.191737143292611434e-02,3.302931630549206521e-02,-2.960605075109806750e-01,-2.387632297770937023e-02,-4.131301822454939293e-02,8.660213403043957037e-01,2.652836172459201430e-03,2.430946574906517674e-05
-3.268240804014892216e-06,4.752634478311460744e-06,3.344900610966122640e-06,4.376503938927757767e-05,-2.038514987570313238e-03,1.690185524380048709e-01,-2.601679711647668022e-02,4.185112462318071880e-02,-8.334101691991613325e-02,-3.092545730865532416e-01,-3.295794791999489548e-01,4.770216316465126366e-02,6.627413180902942680e-02,1.867175473246424910e-01,1.617321312156756730e-01,-1.240091566741580303e-01,7.681673930426766161e-02,4.646720532891991662e-02,1.012898593967526129e-05,-1.186075105908956928e-03,2.346557394697462717e-02,-2.401227079707394241e-01,-3.041289902484241026e-01,-3.200241132143747391e-01,-4.854518949414327600e-01,-3.811260569846865454e-01,-9.804562264315562492e-02,-1.089028225385073045e-01,-4.654330263039090088e-02,-4.032427184933214115e-02,6.199520781406120395e-03,-6.036570031175901574e-02,3.793917780898603542e-02,-4.546810979759881299e-02,-6.068850647219292682e-03,1.143744121723272444e-02,-1.816459050708166267e-03,4.847580670208628817e-13,1.516338053383914364e-15,2.272767274402211213e-16
-3.268240804014886286e-06,4.752634478311453968e-06,3.344900610966126452e-06,4.376503938927772674e-05,-2.038514987570310636e-03,1.690185524380045656e-01,-9.140766129557527375e-02,-2.250237712999874073e-01,2.824693443315847707e-01,-1.089089846276709711e-01,-1.284483950122240481e-01,-2.030421391367556987e-03,2.136997713878211747e-01,-2.027191498515197587e-01,-1.642378508884424493e-01,1.244699198635213361e-01,-7.880947154762807383e-02,-4.666074289686875098e-02,8.821635773219316246e-05,9.358229056340983121e-04,-2.213920587208750845e-02,2.832689670299766704e-01,-1.723457468723351149e-01,-1.252235656585371226e-01,-4.912566611403028360e-02,3.087816021718354786e-01,1.463420786997736700e-01,-4.365282692215419202e-01,-3.886609274625493216e-01,-2.596767957857704645e-01,3.823307370994377674e-02,-8.877867692058231952e-02,1.359941828667998731e-03,-4.942520431600910813e-02,3.480386960819753864e-03,2.296506648298981754e-02,1.003274209642673193e-03,-2.955968803064479289e-14,-9.161508357502512467e-17,-2.213551201059663076e-17
-3.268240804014886710e-06,4.752634478311453968e-06,3.344900610966140428e-06,4.376503938927852634e-05,-2.038514987570313238e-03,1.690185524380045934e-01,-9.136940679654007025e-02,-2.251619399902137775e-01,2.832413706741894188e-01,6.835238166837295792e-02,3.355009640387557890e-01,-6.356587605910049565e-02,9.030328788756394887e-02,2.924774644288760106e-01,2.513374577649664654e-01,-1.874084060683232356e-01,1.179132574596059857e-01,7.063532028118235662e-02,3.746734462065082205e-05,6.255873854615900953e-04,-1.429086581696390260e-02,1.569391302933582644e-01,-9.491625053170309190e-02,-5.365621518759731146e-01,3.497796685933786676e-01,-3.577228332779924802e-02,-1.575728747202769231e-01,1.459955512220120488e-01,1.126758797275143054e-02,1.293149074657024000e-03,-3.365365395055000541e-02,6.336286757521597535e-02,5.951022106053027727e-03,4.378517646201021685e-02,-2.032249070478153730e-02,2.470207257863174521e-02,-1.537078878694225423e-02,4.810041254188490711e-14,7.329206686002009974e-16,1.720535674110297564e-16
-3.268240804014892216e-06,4.752634478311460744e-06,3.344900610966137040e-06,4.376503938927831628e-05,-2.038514987570313238e-03,1.690185524380048709e-01,-2.676972505425597587e-02,3.852112532078602603e-02,-7.821545806316163030e-02,3.695401742878867690e-02,2.680382845310657833e-02,-1.063974805215622960e-01,-2.001219833931429729e-02,-2.423498899451961494e-02,-1.049936654725494752e-02,-8.186984469873931011e-03,-6.173735937741484103e-02,-1.687950277859506104e-02,-5.338989253425559939e-02,6.117641268646513419e-02,6.486022676058308956e-02,3.675524401780042028e-02,-8.302007866700877869e-03,-1.295896380945960047e-02,-1.013055570946391204e-01,1.498669916761634913e-01,-9.130242781736022661e-02,7.906606288042838937e-02,1.018126715509234947e-02,6.780794056247717305e-02,-1.019365685818614115e-01,-1.480660315665832394e-01,8.191737143637829732e-02,3.302931630274150154e-02,-2.960605075189665647e-01,-2.387632294123790203e-02,-4.131301810358685433e-02,-2.861740312818773502e-01,-8.171183917216826575e-01,2.054160977794168563e-02
-3.268240804014892216e-06,4.752634478311460744e-06,3.344900610966137040e-06,4.376503938927831628e-05,-2.038514987570313238e-03,1.690185524380048709e-01,-2.676972505425597587e-02,3.852112532078602603e-02,-7.821545806316163030e-02,3.695401742878867690e-02,2.680382845310657833e-02,-1.063974805215622960e-01,-2.001219833931429729e-02,-2.423498899451961494e-02,-1.049936654725494752e-02,-8.186984469873931011e-03,-6.173735937741484103e-02,-1.687950277859506104e-02,-5.338989253425559939e-02,6.117641268646513419e-02,6.486022676058308956e-02,3.675524401780042028e-02,-8.302007866700832767e-03,-1.295896380945893434e-02,-1.013055570946401196e-01,1.498669916761644072e-01,-9.130242781736314095e-02,7.906606288042883346e-02,1.018126715509402869e-02,6.780794056247479995e-02,-1.019365685818591633e-01,-1.480660315665817128e-01,8.191737143637209395e-02,3.302931630273881619e-02,-2.960605075189606805e-01,-2.387632294122967944e-02,-4.131301810356850790e-02,-2.899980117559770587e-01,4.250292069443856735e-01,6.965998323456826791e-01
-3.268240804014892216e-06,4.752634478311460744e-06,3.344900610966137040e-06,4.376503938927831628e-05,-2.038514987570313238e-03,1.690185524380048709e-01,-2.676972505425597587e-02,3.852112532078602603e-02,-7.821545806316163030e-02,3.695401742878867690e-02,2.680382845310657833e-02,-1.063974805215622960e-01,-2.001219833931429729e-02,-2.423498899451961494e-02,-1.049936654725494752e-02,-8.186984469873931011e-03,-6.173735937741484103e-02,-1.687950277859506104e-02,-5.338989253425559939e-02,6.117641268646513419e-02,6.486022676058308956e-02,3.675524401780042028e-02,-8.302007866700832767e-03,-1.295896380945893087e-02,-1.013055570946397310e-01,1.498669916761645182e-01,-9.130242781736341851e-02,7.906606288042902775e-02,1.018126715509484054e-02,6.780794056247382851e-02,-1.019365685818581779e-01,-1.480660315665807136e-01,8.191737143636780571e-02,3.302931630273622798e-02,-2.960605075189670643e-01,-2.387632294122629326e-02,-4.131301810356852872e-02,-2.898492972819454727e-01,3.894363486047997536e-01,-7.171657515893706814e-01
-3.268240804014892216e-06,4.752634478311460744e-06,3.344900610966137040e-06,4.376503938927831628e-05,-2.038514987570313238e-03,1.690185524380048709e-01,-2.676972505425597587e-02,3.852112532078602603e-02,-7.821545806316163030e-02,3.695401742878868384e-02,2.680382845310656792e-02,-1.063974805215623237e-01,-2.001219833931428341e-02,-2.423498899451927494e-02,-1.049936654725531701e-02,-8.186984469874467041e-03,-6.173735937741368224e-02,-1.687950277860037623e-02,-5.341764152026359791e-02,6.079982651423580103e-02,7.276705794508549208e-02,-4.025568307782420585e-02,1.902335389285385661e-02,6.712473365398534397e-02,1.118062948351090241e-01,-1.946925807069774805e-01,-9.840021389768320581e-02,-2.648067404501341371e-01,-1.602854731421603229e-02,-4.970754970533674405e-02,4.031165365031992853e-01,7.373924090157588096e-02,-2.618231711878267198e-01,7.280482363408271596e-01,-1.239364556156041519e-01,-9.226088682115911321e-02,-5.247896650938986551e-02,-7.162118120795923915e-12,-2.046973701652632371e-14,-1.179611963664228824e-16
-3.268240804014892216e-06,4.752634478311460744e-06,3.344900610966137040e-06,4.376503938927831628e-05,-2.038514987570313238e-03,1.690185524380048709e-01,-2.676972505425597587e-02,3.852112532078602603e-02,-7.821545806316163030e-02,3.695401742878868384e-02,2.680382845310658180e-02,-1.063974805215623098e-01,-2.001219833931429035e-02,-2.423498899451930616e-02,-1.049936654725528058e-02,-8.186984469874375100e-03,-6.173735937741398755e-02,-1.687950277859907866e-02,-5.341073253334656379e-02,6.085236160517436960e-02,7.159935767516764638e-02,-3.677822694212423693e-02,1.273706382089330284e-02,7.269008087078930591e-02,1.528607137207567135e-01,-1.083215298233614482e-01,-1.214842493332197737e-01,-1.118313157211748982e-01,3.696494791036062932e-01,-6.770658649257446093e-01,-2.441078533185200156e-03,-7.217283666166085521e-03,3.359959267476114730e-01,-1.475910038943695768e-01,6.414340561656110828e-02,-3.328404793357001012e-01,1.375079074517855660e-01,1.149472184103217387e-11,3.504141421473150331e-14,-8.881784197001252323e-16
-3.268240804014892216e-06,4.752634478311460744e-06,3.344900610966137040e-06,4.376503938927831628e-05,-2.038514987570313238e-03,1.690185524380048709e-01,-2.676972505425597587e-02,3.852112532078602603e-02,-7.821545806316163030e-02,3.695401742878868384e-02,2.680382845310658180e-02,-1.063974805215623098e-01,-2.001219833931429035e-02,-2.423498899451920902e-02,-1.049936654725538293e-02,-8.186984469874642248e-03,-6.173735937741347407e-02,-1.687950277860129217e-02,-5.342430625577222758e-02,6.068433970003409006e-02,7.533349258094945711e-02,-6.933273177939602849e-02,3.639494711916807512e-02,1.169989643221730317e-02,2.049217347020446389e-01,-2.096276970691261232e-01,3.002624307966583056e-02,-2.829568223806742111e-01,2.005024396788711305e-02,8.359252875523384696e-02,-9.111135661941804909e-02,1.368636556575718588e-01,-5.980706100013961635e-01,-5.238373033782438570e-01,-2.678216470493690049e-01,-1.341950233056391495e-01,-5.298917259880498581e-02,-9.985540172507967327e-12,-3.316791286067655165e-14,3.358424649491098535e-15
-3.268240804014892216e-06,4.752634478311460744e-06,3.344900610966137040e-06,4.376503938927831628e-05,-2.038514987570313238e-03,1.690185524380048709e-01,-2.676972505425597587e-02,3.852112532078602603e-02,-7.821545806316163030e-02,3.695401742878868384e-02,2.680382845310658180e-02,-1.063974805215623098e-01,-2.001219833931429729e-02,-2.423498899451929922e-02,-1.049936654725527364e-02,-8.186984469874493062e-03,-6.173735937741375857e-02,-1.687950277860006051e-02,-5.341735938468682166e-02,6.074913306730831547e-02,7.389227815011491229e-02,-5.582843528498764724e-02,2.821923585995345096e-02,3.945886399188951871e-02,1.782920303255654537e-01,-1.633383799716987550e-01,1.343502349317240128e-02,-2.878554506285539438e-01,-5.537619209387800723e-02,2.367340486797240018e-01,-2.138865835614926492e-01,1.240462380609785864e-02,2.272726645353315145e-01,4.867937183231857423e-02,5.266339717349531602e-02,4.022063898983507801e-01,6.796210646493243690e-01,8.008045615515158033e-11,2.346317584667190204e-13,2.151057110211240797e-15
-3.268240804014892216e-06,4.752634478311460744e-06,3.344900610966122640e-06,4.376503938927757767e-05,-2.038514987570313238e-03,1.690185524380048709e-01,-2.601679711647668022e-02,4.185112462318071880e-02,-8.334101691991613325e-02,-3.092545730865532416e-01,-3.295794791999489548e-01,4.770216316465124978e-02,6.627413180902948231e-02,1.867175473246438511e-01,1.617321312156738966e-01,-1.240091566741603618e-01,7.681673930427244945e-02,4.646720532889812155e-02,-1.207989792944424989e-04,-1.822443157065308655e-03,3.144259461986796678e-02,-2.217555149236695999e-01,-3.648659531984277393e-01,2.820639126942456887e-01,4.612246096560420616e-01,3.995318065192495216e-01,1.028002538123983511e-01,1.118759081915507436e-01,3.647480114993757738e-02,3.937763389290360738e-02,5.856312401131547052e-04,4.691854313693655243e-02,-3.609686808584929019e-02,4.335902628519622271e-02,1.607552314390393866e-03,-1.022124070568678628e-02,1.142858463951748615e-03,-4.567179967551737718e-13,-1.554312234475219157e-15,8.673617379884035472e-19
-3.268240804014886286e-06,4.752634478311453968e-06,3.344900610966126452e-06,4.376503938927772674e-05,-2.038514987570310636e-03,1.690185524380045656e-01,-9.140766129557527375e-02,-2.250237712999874073e-01,2.824693443315847707e-01,-1.089089846276709989e-01,-1.284483950122240203e-01,-2.030421391367536171e-03,2.136997713878211469e-01,-2.027191498515201473e-01,-1.642378508884418109e-01,1.244699198635224185e-01,-7.880947154762987794e-02,-4.666074289686152760e-02,1.242251832374308140e-04,1.532052637610026302e-03,-3.267465847714463162e-02,3.447808070353930443e-01,-2.725947339800532387e-01,2.717608471636180356e-01,-1.509808204897912683e-02,-3.539013097161008981e-01,-6.332959084367814628e-02,2.544901289463942784e-01,3.826062587614601496e-01,2.232667460051536434e-01,-5.557825304185337600e-02,5.447077499259388167e-02,-2.235019100338970707e-02,3.508532957935406316e-02,-2.320721712287809879e-04,-1.630974523284672850e-02,4.785101772918104457e-03,4.366298989033623457e-14,0.000000000000000000e+00,-1.249000902703301108e-16
-3.268240804014892216e-06,4.752634478311460744e-06,3.344900610966137040e-06,4.376503938927831628e-05,-2.038514987570313238e-03,1.690185524380048709e-01,-2.676972505425597587e-02,3.852112532078602603e-02,-7.821545806316163030e-02,3.695401742878868384e-02,2.680382845310658180e-02,-1.063974805215623098e-01,-2.001219833931429729e-02,-2.423498899451929922e-02,-1.049936654725526670e-02,-8.186984469874489592e-03,-6.173735937741377938e-02,-1.687950277859997031e-02,-5.341690170989960018e-02,6.075315548030533336e-02,7.381087650442666459e-02,-5.521180808300793497e-02,2.755409471125502135e-02,3.573015644711956262e-02,1.875984131522707432e-01,-1.737395056542274940e-01,7.776882427959208588e-02,-2.920876808074039377e-01,-1.948282447647094184e-02,2.058335226416111996e-01,-2.753559469847827179e-01,-6.313587228483119596e-02,3.169033764430342348e-01,3.173090270761860787e-02,3.127007196823053947e-01,8.444608203272627178e-02,-6.646236164151173575e-01,-7.265237023101889235e-11,-2.096586793065569054e-13,-5.148659276699163456e-15
-5.179768818352683754e-03,5.312983598262090157e-02,9.984486654678931261e-01,-1.583183132094609022e-02,7.615118290722313666e-05,-1.633566779732504562e-05,2.350778108387775243e-16,3.337629375657281742e-16,1.875362240519469155e-16,7.336890542770733897e-18,-5.877565928321843295e-17,1.460580056882449041e-17,-5.850591935327154939e-18,-1.523317662676603077e-16,3.432088656594187081e-17,-3.219936014944205884e-18,-4.475887629940694202e-17,1.035086074978841545e-17,-4.052087886515093133e-17,1.555400795659920699e-16,1.034976582201606195e-16,-8.701854042153492303e-17,1.669111477689359699e-16,2.847896910718960092e-16,-3.586543959979070904e-17,6.880011480907646474e-17,-1.389697118261406383e-17,-1.148382774890935522e-16,1.167783227547770318e-17,1.036807249957529288e-16,5.293874209771886084e-17,-2.637701909854006299e-17,-8.326672684688674053e-17,0.000000000000000000e+00,0.000000000000000000e+00,-2.775557561562891351e-17,-1.110223024625156540e-16,-2.775557561562891351e-17,-1.110223024625156540e-16,0.000000000000000000e+00
-3.268240804014892216e-06,4.752634478311460744e-06,3.344900610966137887e-06,4.376503938927838404e-05,-2.038514987570313238e-03,1.690185524380048709e-01,-2.676692892569144250e-02,3.851446700998418377e-02,-7.820826541117441300e-02,4.584113987309035992e-02,1.748875525519746552e-02,-1.076617410067002983e-01,-7.030132011903591528e-03,1.727396125097200585e-01,-7.069723996768753627e-02,6.903988503709627134e-01,6.596976314274767272e-01,4.874274433394448075e-02,8.111382055883581902e-12,-1.563304993331474144e-13,-1.520580871116080597e-15,2.757397864651555221e-17,5.221624507437603628e-17,8.747201813949546796e-17,-4.315142622954612297e-17,1.086779663646685074e-16,1.246853909778720791e-16,2.967607567108696134e-17,-7.111254364036474875e-17,1.782213386001487668e-16,8.485243990999520367e-17,-1.874325865617186317e-16,-5.551115123125782702e-17,1.665334536937734811e-16,1.110223024625156540e-16,0.000000000000000000e+00,5.551115123125782702e-17,2.081668171172168513e-17,-5.551115123125782702e-17,-2.949029909160572061e-17
-3.268240804014892216e-06,4.752634478311462438e-06,3.344900610966137040e-06,4.376503938927858055e-05,-2.038514987570312371e-03,1.690185524380048709e-01,-2.630444070079725541e-02,4.035153960566596060e-02,-8.071280490956905806e-02,3.195921402514900755e-02,1.276060018311853672e-01,4.926715998727021484e-01,5.788489352985375785e-02,2.595072642343917435e-01,-5.605666937574740188e-02,7.939459484204121342e-02,-7.994121342401921959e-02,-7.848775224535217143e-01,1.277334184165327978e-10,1.013207865257975319e-12,-1.016814408207135197e-14,-2.371375392054737255e-15,9.354048107742818397e-17,3.199709966522054350e-16,-2.407827773146042102e-16,5.475263822212383534e-16,2.933977061506329738e-16,-2.617976334518047759e-16,9.235622066838813474e-16,5.325116633294981336e-16,-2.021471863109947301e-16,-3.917771658787725552e-18,-2.220446049250313081e-16,8.326672684688674053e-17,-5.551115123125782702e-17,1.387778780781445676e-17,-2.775557561562891351e-17,0.000000000000000000e+00,0.000000000000000000e+00,-1.110223024625156540e-16
-3.268240804014892216e-06,4.752634478311462438e-06,3.344900610966137040e-06,4.376503938927857378e-05,-2.038514987570312371e-03,1.690185524380048709e-01,-2.631238432480357756e-02,4.033211715036322254e-02,-8.068420659417767371e-02,2.473638940010141479e-02,1.329747301780506152e-01,4.981986959603944554e-01,4.488428387367223577e-02,7.991404644169658456e-02,2.355940991448949584e-01,4.289407564500444248e-01,-4.602602387605559953e-01,4.861773413804297284e-01,-1.049690992877291447e-10,-1.027488273934360656e-12,2.764025113129186388e-14,4.283631485380930163e-15,1.376286278201177443e-15,-1.353124359605435431e-16,2.383094874177438115e-16,-5.665162297934015414e-16,-1.926066327335567938e-16,3.540815841791763613e-16,-9.663144853556738137e-16,-4.730233173856797933e-16,1.577254953500614381e-16,-1.644078315444179169e-16,1.578598363138894456e-16,-5.551115123125782702e-17,2.220446049250313081e-16,1.110223024625156540e-16,0.000000000000000000e+00,4.163336342344337027e-17,5.551115123125782702e-17,0.000000000000000000e+00
-1.548954185405724757e-02,9.984632865487336195e-01,-5.320814786894771664e-02,1.780978927738208803e-04,6.656323094021533520e-06,-2.728815273682514770e-05,-1.015397273976810369e-16,-3.257293363044782813e-17,1.320616740542460887e-16,1.552239199785024693e-17,-5.633526618408630426e-17,-1.684179313285920905e-17,-5.298287922844333111e-18,-8.162985040895521554e-18,-4.217909539462071458e-17,-2.512607199145301767e-17,-3.178019806795703976e-17,-3.775254329585950203e-17,5.176612666678362349e-17,2.024769716994997888e-16,1.123787457352327042e-16,-1.463828654874691279e-16,-9.769834855044285912e-17,-6.526558142039087933e-17,1.526555132678308290e-16,4.965143541559287028e-17,-6.310646771217261968e-17,1.358952330093475381e-16,8.559240885879062328e-17,2.115923971954037109e-17,1.736238049922624497e-17,-4.515457307188566274e-17,6.938893903907228378e-18,4.163336342344337027e-17,-6.938893903907228378e-17,-2.428612866367529932e-17,-1.387778780781445676e-17,-1.110223024625156540e-16,-9.714451465470119729e-17,-5.551115123125782702e-17
-3.268240804014892639e-06,4.752634478311459897e-06,3.344900610966137463e-06,4.376503938927842470e-05,-2.038514987570312804e-03,1.690185524380048987e-01,-2.598734713161459861e-02,4.170326983071896004e-02,-8.259888189308342565e-02,3.560191401121190480e-01,-1.022974779826508612e-01,3.139709767914694027e-01,1.579207500293514088e-01,-5.800487064858182995e-01,4.480488992305556861e-01,-1.786548433784107548e-01,3.629696772966714557e-01,-2.432064618933185360e-02,1.019157246627828494e-11,2.468447315711688683e-13,1.887414699650760606e-14,1.737185087888143852e-15,2.176522308274697000e-15,4.285860204005935323e-16,3.747217832167854724e-16,-2.005796285503888208e-16,-6.227679377815319705e-17,4.615020878550272683e-16,-3.975130473302106256e-16,-3.091779444915400508e-16,-3.793799527251590436e-17,7.774536490070504495e-17,2.220446049250313081e-16,0.000000000000000000e+00,0.000000000000000000e+00,5.551115123125782702e-17,0.000000000000000000e+00,5.551115123125782702e-17,1.665334536937734811e-16,2.775557561562891351e-17
-3.268240804014892639e-06,4.752634478311459897e-06,3.344900610966137463e-06,4.376503938927848569e-05,-2.038514987570312804e-03,1.690185524380048987e-01,-2.596106491909946912e-02,4.181647579874476356e-02,-8.275099562193077851e-02,3.680357706755563729e-01,-1.125784783083670637e-01,3.002539241426005479e-01,1.975839212165033387e-01,2.358333005764703116e-01,-6.250528692765797700e-01,-3.299849642486409884e-01,1.648560732495666925e-01,3.201033362552959671e-01,-3.294640227821767276e-11,-2.220431285349511653e-13,-3.613830137425827677e-14,-3.868198038526542311e-15,-3.515788349096162010e-15,-1.596169841025421053e-16,-1.465172780428387409e-16,1.201023311982847378e-16,1.711684250934624811e-16,-4.655760416797035663e-16,1.975142401818204130e-16,1.267316263415521580e-16,-9.426241709534315979e-18,-1.479012380361976776e-17,1.110223024625156540e-16,-5.551115123125782702e-17,-8.326672684688674053e-17,5.551115123125782702e-17,1.110223024625156540e-16,4.163336342344337027e-17,-5.551115123125782702e-17,1.110223024625156540e-16
-3.268240804014886710e-06,4.752634478311454815e-06,3.344900610966125605e-06,4.376503938927785549e-05,-2.038514987570310636e-03,1.690185524380046489e-01,-9.038890075615522990e-02,-2.207827021282350866e-01,2.766203236909059449e-01,2.054890057224154631e-01,-3.189111671327409803e-01,1.450289477616249489e-01,-8.195448726094674008e-01,3.704747702016707167e-02,1.160212416342766345e-03,-1.411529418943418277e-03,-1.933053761857986643e-04,-1.209825612321573747e-03,1.665886702467222936e-13,6.743072877184443026e-15,2.570363576111064701e-16,-5.480832827507547716e-17,2.177003889083860038e-17,9.645542898199711748e-18,-3.702972540656714658e-17,-7.677245675528579900e-17,-1.488359051219294145e-17,5.158614680064075786e-17,-1.150711733659722561e-16,-1.615340107687029469e-16,-1.910231745911796803e-17,-4.784569855658076754e-17,-1.110223024625156540e-16,1.110223024625156540e-16,1.665334536937734811e-16,0.000000000000000000e+00,-1.110223024625156540e-16,7.632783294297951215e-17,8.326672684688674053e-17,5.551115123125782702e-17
