1.632877349853515625e+01,3.075717353820800781e+01
-1.846115708351135254e+00,-2.063176536560058594e+01
4.271406650543212891e+00,-2.861864089965820312e+01
-2.318367195129394531e+01,-1.499730968475341797e+01
-1.151569461822509766e+01,3.394255828857421875e+01
4.344183444976806641e+00,-2.713261032104492188e+01
-8.084827423095703125e+00,2.816858100891113281e+01
-8.103107452392578125e+00,2.816884803771972656e+01
1.448986530303955078e+00,-2.598930740356445312e+01
-2.718359231948852539e+00,-2.579323577880859375e+01
-2.318374061584472656e+01,-1.499711227416992188e+01
7.687767982482910156e+00,-2.902511787414550781e+01
1.809025764465332031e+00,-2.624220657348632812e+01
3.970589160919189453e+00,-2.853470420837402344e+01
-1.167376232147216797e+01,3.409376525878906250e+01
-4.977130889892578125e+00,2.904020881652832031e+01
7.687742710113525391e+00,-2.902464103698730469e+01
-4.834632873535156250e+00,2.997528076171875000e+01
-6.617744922637939453e+00,3.018999099731445312e+01
4.417810440063476562e+00,-2.734900856018066406e+01
-1.846180081367492676e+00,-2.063210105895996094e+01
2.117051124572753906e+00,-3.095135879516601562e+01
2.117050886154174805e+00,-3.095136642456054688e+01
-4.833050727844238281e+00,2.997427749633789062e+01
-2.718287706375122070e+00,-2.579321670532226562e+01
-1.318654155731201172e+01,2.983228111267089844e+01
-1.318640899658203125e+01,2.983211517333984375e+01
-1.437833309173583984e+01,3.259381484985351562e+01
-1.437842178344726562e+01,3.259412002563476562e+01
-6.617667675018310547e+00,3.018880462646484375e+01
-5.230172157287597656e+00,2.908288002014160156e+01
-1.063605594635009766e+01,3.096061134338378906e+01
1.637242794036865234e+00,-1.821954727172851562e+01
-1.063599586486816406e+01,3.096018791198730469e+01
1.637451529502868652e+00,-1.821943473815917969e+01
-7.806220054626464844e+00,5.851506805419921875e+01
-1.381679624319076538e-01,-1.663161659240722656e+01
-8.196193695068359375e+00,2.971298217773437500e+01
-1.455706214904785156e+01,-5.748985409736633301e-01
1.108467388153076172e+01,2.813105010986328125e+01
-2.622315979003906250e+01,3.537971115112304688e+01
-1.559862256050109863e+00,-1.662854576110839844e+01
-6.817958831787109375e+00,-4.167913818359375000e+01
1.102814435958862305e+00,-1.658341979980468750e+01
3.357120275497436523e+00,-3.992703628540039062e+01
2.317150831222534180e+00,-1.155416107177734375e+01
1.581546545028686523e+00,-4.944189453125000000e+01
-1.411927700042724609e+01,-9.513427734375000000e+00
5.774720907211303711e-01,-4.169002532958984375e+01
2.589273452758789062e+00,-1.122296714782714844e+01
2.956002807617187500e+01,-1.819482612609863281e+01
3.076325607299804688e+01,-2.018507575988769531e+01
-1.477490520477294922e+01,-6.816298484802246094e+00
2.589856624603271484e+00,-1.042543888092041016e+01
-5.399228096008300781e+00,-4.002272415161132812e+01
-1.187856793403625488e+00,-4.930331802368164062e+01
1.572129964828491211e+00,-1.039423847198486328e+01
2.464479064941406250e+01,-9.281942367553710938e+00
1.721366500854492188e+01,-1.986897659301757812e+01
1.875506401062011719e+01,-4.204993057250976562e+01
1.773192596435546875e+01,-6.486122131347656250e+00
1.165303897857666016e+01,-2.027456474304199219e+01
8.430615425109863281e+00,-4.143610763549804688e+01
2.994550514221191406e+01,-3.724383926391601562e+01
-1.683153343200683594e+01,3.862404632568359375e+01
5.229818820953369141e+00,1.664634704589843750e+01
2.504911994934082031e+01,-2.479724693298339844e+01
-1.583344650268554688e+01,3.782109832763671875e+01
-1.861827278137207031e+01,3.692612457275390625e+01
-2.536194229125976562e+01,2.317681312561035156e+01
1.411342048645019531e+01,2.778713989257812500e+01
-1.321817016601562500e+01,2.098829460144042969e+01
-5.890588283538818359e+00,-2.263139152526855469e+01
9.920194625854492188e+00,-3.969413518905639648e+00
4.666879653930664062e+00,-2.750958251953125000e+01
-1.497123050689697266e+01,-8.411314010620117188e+00
2.346035957336425781e+01,-9.897689819335937500e+00
7.899657249450683594e+00,2.759819984436035156e+01
-1.791572761535644531e+01,5.021108627319335938e+01
2.188813209533691406e+01,-2.902985763549804688e+01
1.823573112487792969e+01,-4.014566802978515625e+01
7.850610733032226562e+00,-4.379569530487060547e+00
1.830268502235412598e+00,-2.597025299072265625e+01
-1.344474601745605469e+01,-1.226395034790039062e+01
-7.948123931884765625e+00,2.815253829956054688e+01
-6.783326268196105957e-01,-4.133329391479492188e+01
8.170801162719726562e+00,-3.362698745727539062e+01
2.456290245056152344e+01,-1.322760581970214844e+01
-1.564090824127197266e+01,-2.529712867736816406e+01
-1.232803940773010254e+00,-4.930072784423828125e+01
3.336555862426757812e+01,-2.041715621948242188e+01
-1.467427635192871094e+01,-6.741913795471191406e+00
-1.517635440826416016e+01,3.807240295410156250e+01
-1.861493110656738281e+01,1.013220310211181641e+01
1.589275455474853516e+01,-2.580816459655761719e+01
-5.398769855499267578e+00,3.908247375488281250e+01
-2.166440933942794800e-01,2.956440162658691406e+01
2.396370619535446167e-01,-4.137657546997070312e+01
1.242449188232421875e+01,-1.966375541687011719e+01
8.788505554199218750e+00,-4.456884002685546875e+01
1.638731193542480469e+01,-5.380295753479003906e+00
-1.142196083068847656e+01,-3.415134048461914062e+01
-1.494427084922790527e+00,-2.871069526672363281e+01
-1.831144332885742188e+01,3.648958969116210938e+01
6.866932868957519531e+00,2.524818992614746094e+01
1.710601806640625000e+01,-2.180697822570800781e+01
2.187583351135253906e+01,-1.905542945861816406e+01
7.447587490081787109e+00,-4.109853363037109375e+01
8.173963546752929688e+00,-5.475273132324218750e+00
1.588963985443115234e+01,-3.229574584960937500e+01
1.544447708129882812e+01,-4.495496749877929688e+01
9.920208930969238281e+00,-3.969569921493530273e+00
2.180799484252929688e+01,-2.426134872436523438e+01
8.331282615661621094e+00,-3.545279979705810547e+00
5.743930816650390625e+00,4.762776851654052734e+00
-1.406770348548889160e+00,3.729410552978515625e+01
-2.706622695922851562e+01,2.247408866882324219e+01
-2.165215301513671875e+01,3.429959487915039062e+01
1.779226684570312500e+01,-2.894920349121093750e+01
-1.254561328887939453e+01,-2.171093368530273438e+01
9.725218772888183594e+00,-4.344848251342773438e+01
5.509205341339111328e+00,2.596030426025390625e+01
1.628443527221679688e+01,-4.417859268188476562e+01
3.169685363769531250e+01,-3.763684082031250000e+01
-1.401990032196044922e+01,-8.532585144042968750e+00
6.175782680511474609e-01,3.910851287841796875e+01
1.721389198303222656e+01,-1.986913871765136719e+01
1.886691856384277344e+01,-8.341421127319335938e+00
1.864578628540039062e+01,-4.309803390502929688e+01
1.144891643524169922e+01,-2.164079475402832031e+01
4.601385593414306641e+00,2.774752235412597656e+01
-1.007571887969970703e+01,-3.036939430236816406e+01
1.012328052520751953e+01,-3.537586593627929688e+01
-7.621949672698974609e+00,-3.156134796142578125e+01
-1.275611817836761475e-01,-4.977532958984375000e+01
1.633695793151855469e+01,-4.395808029174804688e+01
-1.873212432861328125e+01,9.321879386901855469e+00
1.426947593688964844e+01,-4.509838104248046875e+01
-3.417917490005493164e-01,-2.951384162902832031e+01
-2.946999740600585938e+01,2.211452484130859375e+01
-1.574491596221923828e+01,1.716788673400878906e+01
1.709718322753906250e+01,-3.825988006591796875e+01
7.159016132354736328e-01,-1.280998134613037109e+01
-1.155882167816162109e+01,-3.451095199584960938e+01
-1.252543926239013672e+01,-2.685349273681640625e+01
5.661241054534912109e+00,-4.603760910034179688e+01
-1.474421596527099609e+01,-6.191829681396484375e+00
-2.131109619140625000e+01,1.686215782165527344e+01
6.924073696136474609e-01,-1.705247116088867188e+01
-6.161994457244873047e+00,-4.062304687500000000e+01
1.119826698303222656e+01,2.344547843933105469e+01
-1.354699420928955078e+01,-9.807109832763671875e+00
2.985412359237670898e+00,-1.192146968841552734e+01
1.153587627410888672e+01,-1.593144512176513672e+01
-3.097237348556518555e+00,2.506472587585449219e+01
-9.111597061157226562e+00,-2.180035591125488281e+01
7.540569305419921875e+00,-3.229027938842773438e+01
7.028709650039672852e-01,-4.507290649414062500e+01
9.551813125610351562e+00,-3.643780136108398438e+01
-1.722142577171325684e+00,2.137513732910156250e+01
-2.168066978454589844e+00,-4.141215133666992188e+01
5.716623783111572266e+00,-4.471682548522949219e+00
1.377714347839355469e+01,3.032013702392578125e+01
1.633759498596191406e+01,-2.520492553710937500e+01
-1.110082244873046875e+01,-2.998244857788085938e+01
-1.603684616088867188e+01,4.220512390136718750e+01
1.634831619262695312e+01,-2.745350265502929688e+01
5.292358398437500000e-01,-1.470540523529052734e+01
2.981150817871093750e+01,-3.672617340087890625e+01
-1.242665576934814453e+01,-2.263125228881835938e+01
-6.607092857360839844e+00,5.671725845336914062e+01
1.859778022766113281e+01,-1.505678749084472656e+01
-1.004098510742187500e+01,-2.466131019592285156e+01
-8.367090225219726562e+00,-2.419727134704589844e+01
-1.108961105346679688e+01,-2.998299980163574219e+01
3.373007965087890625e+01,-3.336218261718750000e+01
3.488082885742187500e+01,-1.922776031494140625e+01
3.599728775024414062e+01,-1.863473701477050781e+01
-6.371195793151855469e+00,-3.958722305297851562e+01
-1.948519515991210938e+01,5.232138824462890625e+01
1.256262111663818359e+01,-4.687207412719726562e+01
3.657046508789062500e+01,-1.962157821655273438e+01
2.863024139404296875e+01,-2.369742012023925781e+01
2.257032203674316406e+01,-3.319335174560546875e+01
1.225887966156005859e+01,-3.020678997039794922e+00
3.024712800979614258e+00,-4.519193267822265625e+01
-1.173730754852294922e+01,-2.488595771789550781e+01
2.659952545166015625e+01,-2.566197013854980469e+01
2.730063915252685547e+00,-4.042341232299804688e+01
-1.768651771545410156e+01,1.474972438812255859e+01
-1.122657489776611328e+01,-3.038298225402832031e+01
2.484926414489746094e+01,-1.240181636810302734e+01
2.570728874206542969e+01,-2.489753532409667969e+01
-1.287605667114257812e+01,-2.158343696594238281e+01
-6.414824008941650391e+00,-4.247473526000976562e+01
1.503310966491699219e+01,-2.260110473632812500e+01
1.508055782318115234e+01,-2.312928962707519531e+01
-7.537950992584228516e+00,-2.511959075927734375e+01
-1.177332592010498047e+01,4.202227401733398438e+01
1.691023445129394531e+01,-2.810838127136230469e+01
-2.173355674743652344e+01,5.650048446655273438e+01
3.610201644897460938e+01,-2.022717285156250000e+01
-2.251724052429199219e+01,1.744846916198730469e+01
1.105472373962402344e+01,-4.357472610473632812e+01
2.892762374877929688e+01,-3.699203491210937500e+01
1.657943725585937500e+01,-2.416295433044433594e+01
-6.429342269897460938e+00,-1.175147628784179688e+01
-5.100126266479492188e+00,-7.689312458038330078e+00
3.596715545654296875e+01,-2.013052749633789062e+01
3.281370162963867188e+01,-2.572999763488769531e+01
8.634885787963867188e+00,-3.561066436767578125e+01
2.467563247680664062e+01,-1.014962768554687500e+01
2.643595886230468750e+01,-2.917527198791503906e+01
-2.829677200317382812e+01,1.731009292602539062e+01
-1.411482715606689453e+01,4.435270690917968750e+01
-8.011532783508300781e+00,-1.575699806213378906e+01
-1.742472457885742188e+01,-9.620177268981933594e+00
-1.890497970581054688e+01,2.241936111450195312e+01
-1.539650440216064453e+01,5.572586441040039062e+01
-6.488801956176757812e+00,-9.646371841430664062e+00
-2.409806251525878906e+01,2.358215904235839844e+01
4.708295345306396484e+00,-4.741764831542968750e+01
1.276475048065185547e+01,-1.178056335449218750e+01
2.524410438537597656e+01,-1.391929340362548828e+01
8.296989440917968750e+00,-1.329145908355712891e+01
-5.617345333099365234e+00,2.067193222045898438e+01
1.183882999420166016e+01,2.254402160644531250e+01
1.258969306945800781e+00,3.889277648925781250e+01
2.430331230163574219e+01,-2.871259689331054688e+01
3.223399734497070312e+01,-3.050743865966796875e+01
-2.145714759826660156e+01,1.207240104675292969e+01
-5.889899656176567078e-02,-9.193052291870117188e+00
-2.684225463867187500e+01,3.407677078247070312e+01
2.274770164489746094e+01,-2.783545684814453125e+01
1.729763793945312500e+01,-9.454476356506347656e+00
1.390159416198730469e+01,-2.374598693847656250e+01
-5.397148132324218750e+00,-9.202453613281250000e+00
-1.821068954467773438e+01,4.133222198486328125e+01
4.292867660522460938e+00,-1.231726646423339844e+01
1.971144485473632812e+01,-6.382949829101562500e+00
4.554332733154296875e+00,-1.167386913299560547e+01
1.987546730041503906e+01,-4.060388946533203125e+01
1.609889030456542969e+01,-1.141478157043457031e+01
-2.008041954040527344e+01,3.831594848632812500e+01
-3.957101821899414062e+00,-4.100093460083007812e+01
-2.706021308898925781e+01,3.264213562011718750e+01
1.732566833496093750e+01,-4.761412143707275391e+00
1.796348571777343750e+01,-1.180643272399902344e+01
-4.663180828094482422e+00,-4.275650405883789062e+01
2.216689109802246094e+01,-2.621327781677246094e+01
-4.373404979705810547e+00,-3.984221649169921875e+01
2.713995742797851562e+01,-2.426045989990234375e+01
-2.710524201393127441e-01,-2.036073303222656250e+01
2.714035224914550781e+01,-2.426040649414062500e+01
8.527727127075195312e+00,4.220864105224609375e+01
2.023358345031738281e+00,-8.769027709960937500e+00
-2.598264122009277344e+01,3.813748168945312500e+01
1.404668617248535156e+01,-2.518403244018554688e+01
-8.556691169738769531e+00,-1.253013038635253906e+01
2.827591001987457275e-01,-3.728342819213867188e+01
1.878063201904296875e+01,-3.719191074371337891e+00
1.296323871612548828e+01,-1.463563251495361328e+01
-9.298989295959472656e+00,3.584187316894531250e+01
-9.299049377441406250e+00,3.584190368652343750e+01
-2.006000137329101562e+01,5.415935516357421875e+01
-2.006001472473144531e+01,5.415892791748046875e+01
2.491576004028320312e+01,-3.122822189331054688e+01
2.491576766967773438e+01,-3.122819137573242188e+01
-2.645946693420410156e+01,1.713115501403808594e+01
-2.645957374572753906e+01,1.713334655761718750e+01
-1.256706237792968750e+01,3.663569259643554688e+01
-1.256702995300292969e+01,3.663484573364257812e+01
-2.413781929016113281e+01,2.877665901184082031e+01
-2.413744735717773438e+01,2.877412796020507812e+01
-1.558194255828857422e+01,5.126994323730468750e+01
-1.558161354064941406e+01,5.126960372924804688e+01
-1.219658470153808594e+01,3.330521774291992188e+01
-1.231309604644775391e+01,3.341561889648437500e+01
-2.320384979248046875e+01,5.543002700805664062e+01
-2.293763160705566406e+01,5.594727325439453125e+01
-2.276922607421875000e+01,5.493431472778320312e+01
-2.224733543395996094e+01,5.514749145507812500e+01
-1.375778675079345703e+01,2.306218719482421875e+01
-1.375787734985351562e+01,2.306211090087890625e+01
-2.780265045166015625e+01,3.371225738525390625e+01
-2.780265045166015625e+01,3.371225738525390625e+01
1.092178726196289062e+01,2.991504859924316406e+01
1.092177009582519531e+01,2.991536331176757812e+01
1.256880950927734375e+01,3.063165473937988281e+01
1.256891632080078125e+01,3.063121414184570312e+01
-1.095869541168212891e+01,4.992989730834960938e+01
-1.095904064178466797e+01,4.992978668212890625e+01
-2.107148170471191406e+01,2.384237670898437500e+01
-2.107157516479492188e+01,2.384235572814941406e+01
-1.711266899108886719e+01,4.434502410888671875e+01
-1.711290359497070312e+01,4.434479141235351562e+01
-3.050567865371704102e+00,-3.568917083740234375e+01
-3.254417896270751953e+00,-3.574981307983398438e+01
-1.921242332458496094e+01,2.666294860839843750e+01
-1.921248054504394531e+01,2.666294860839843750e+01
-1.930059051513671875e+01,4.786402130126953125e+01
-1.930057144165039062e+01,4.786439895629882812e+01
9.264008522033691406e+00,2.517509651184082031e+01
9.263975143432617188e+00,2.517508316040039062e+01
-2.174141168594360352e+00,4.319322586059570312e+01
-2.174132585525512695e+00,4.319330596923828125e+01
-1.690278625488281250e+01,-7.178851604461669922e+00
-1.690278625488281250e+01,-7.178851604461669922e+00
-2.252538204193115234e+00,-3.791907501220703125e+01
-2.252496719360351562e+00,-3.791957092285156250e+01
-5.320424556732177734e+00,4.592576980590820312e+01
2.827657163143157959e-01,-3.728309631347656250e+01
-6.105636596679687500e+00,-1.349772930145263672e+01
-6.105636596679687500e+00,-1.349772739410400391e+01
-5.320424079895019531e+00,4.592578887939453125e+01
-4.722025394439697266e+00,-8.080430984497070312e+00
-4.616397380828857422e+00,-7.726857185363769531e+00
2.030620193481445312e+01,-1.201592254638671875e+01
2.030620193481445312e+01,-1.201592254638671875e+01
6.992321014404296875e+00,2.163918495178222656e+01
6.992377758026123047e+00,2.163921546936035156e+01
3.319673538208007812e+01,-3.494337081909179688e+01
3.319672012329101562e+01,-3.494367218017578125e+01
-2.086348152160644531e+01,4.696305847167968750e+01
-1.402462601661682129e+00,-4.348376464843750000e+01
-1.402557373046875000e+00,-4.348394775390625000e+01
-2.381297874450683594e+01,3.108492088317871094e+01
-2.381211471557617188e+01,3.108513450622558594e+01
4.338155746459960938e+00,3.462567520141601562e+01
4.338397979736328125e+00,3.462888336181640625e+01
-2.389231300354003906e+01,2.213011741638183594e+01
-2.389197921752929688e+01,2.213004302978515625e+01
-6.552115440368652344e+00,2.086343955993652344e+01
-6.552034378051757812e+00,2.086326217651367188e+01
9.112860679626464844e+00,-4.449603652954101562e+01
-2.086304283142089844e+01,4.696296691894531250e+01
-1.187737083435058594e+01,1.734241867065429688e+01
-1.187729740142822266e+01,1.734241294860839844e+01
4.992952346801757812e+00,7.453687191009521484e-01
4.886440753936767578e+00,4.423969686031341553e-01
1.396390438079833984e+01,3.232904434204101562e+01
1.396387004852294922e+01,3.232888412475585938e+01
6.351040840148925781e+00,-1.198471307754516602e+00
6.350749015808105469e+00,-1.199344277381896973e+00
-7.445450305938720703e+00,-1.455031013488769531e+01
-7.445825576782226562e+00,-1.455052185058593750e+01
1.942579269409179688e+01,-1.885722923278808594e+01
1.942589187622070312e+01,-1.885710716247558594e+01
-7.392977714538574219e+00,4.159847259521484375e+01
-7.393217086791992188e+00,4.159848403930664062e+01
2.207795333862304688e+01,-1.461876773834228516e+01
2.207809066772460938e+01,-1.461896705627441406e+01
-1.646121406555175781e+01,3.367749023437500000e+01
-1.646104812622070312e+01,3.367769622802734375e+01
9.245907783508300781e+00,-4.473320007324218750e+01
2.541343879699707031e+01,-1.100049495697021484e+01
2.541283798217773438e+01,-1.100035381317138672e+01
3.802889883518218994e-01,4.573493957519531250e+01
3.801679015159606934e-01,4.573505020141601562e+01
-9.979104042053222656e+00,2.079225349426269531e+01
-9.978796958923339844e+00,2.079239082336425781e+01
-6.674230098724365234e-01,-1.553060245513916016e+01
-6.672446131706237793e-01,-1.553069019317626953e+01
1.039309024810791016e+01,1.036675930023193359e+00
1.039497089385986328e+01,1.037006139755249023e+00
-1.474508094787597656e+01,3.971221923828125000e+01
-1.474542808532714844e+01,3.971181869506835938e+01
-2.893305540084838867e+00,3.860279464721679688e+01
-2.893178939819335938e+00,3.860274124145507812e+01
-4.933497905731201172e+00,-1.377060604095458984e+01
-4.933424472808837891e+00,-1.377037715911865234e+01
1.600755310058593750e+01,-2.402483367919921875e+01
1.600761032104492188e+01,-2.402469444274902344e+01
1.296322250366210938e+01,-1.463566398620605469e+01
1.344638633728027344e+01,-2.148140335083007812e+01
1.344701004028320312e+01,-2.148143768310546875e+01
1.878063392639160156e+01,-3.719294309616088867e+00
-2.119389533996582031e+00,3.064804458618164062e+01
-2.119785308837890625e+00,3.064948081970214844e+01
2.003611564636230469e+01,-9.842609763145446777e-01
2.003777313232421875e+01,-9.842293262481689453e-01
-2.322518157958984375e+01,4.518492889404296875e+01
-2.322522544860839844e+01,4.518505477905273438e+01
-2.755801200866699219e+01,1.667398643493652344e+01
-2.755801200866699219e+01,1.667387390136718750e+01
-7.565030574798583984e+00,1.795692062377929688e+01
-7.564917564392089844e+00,1.795700454711914062e+01
-2.154816436767578125e+01,4.806869125366210938e+01
-2.154899978637695312e+01,4.806872940063476562e+01
1.987433433532714844e+01,-3.546440887451171875e+01
1.987433433532714844e+01,-3.546427536010742188e+01
1.250756072998046875e+01,-5.009238719940185547e+00
1.250757884979248047e+01,-5.009235858917236328e+00
-1.960508728027343750e+01,4.547020339965820312e+01
-1.960542488098144531e+01,4.547180557250976562e+01
2.019028282165527344e+01,-1.979281997680664062e+01
2.018997573852539062e+01,-1.979277801513671875e+01
3.203256225585937500e+01,-2.665055084228515625e+01
3.203161239624023438e+01,-2.664987373352050781e+01
1.477153301239013672e+01,-4.361933135986328125e+01
1.499009990692138672e+01,-4.332166671752929688e+01
3.764374256134033203e+00,-9.971228599548339844e+00
3.764221906661987305e+00,-9.971279144287109375e+00
-9.824663400650024414e-01,-4.561417770385742188e+01
-9.813622832298278809e-01,-4.561320877075195312e+01
-2.080313110351562500e+01,5.351311874389648438e+01
-1.877413558959960938e+01,5.404257965087890625e+01
2.580684280395507812e+01,-2.275584602355957031e+01
-6.050146579742431641e+00,-1.626985549926757812e+01
1.490470218658447266e+01,-4.360398101806640625e+01
1.841827583312988281e+01,-3.252610015869140625e+01
1.433454322814941406e+01,-1.897071075439453125e+01
8.890686035156250000e+00,-2.724456489086151123e-01
2.419439315795898438e+01,-1.066067218780517578e+01
7.993367671966552734e+00,4.233222961425781250e+01
-2.859415531158447266e+00,2.354590415954589844e+01
-5.562359094619750977e-01,1.885917472839355469e+01
-1.155172348022460938e+01,4.502470779418945312e+01
1.548635196685791016e+01,-3.442573785781860352e+00
5.690925598144531250e+00,4.394712448120117188e+01
-1.116305351257324219e+01,2.935688400268554688e+01
3.722992181777954102e+00,3.587157821655273438e+01
-5.187757968902587891e+00,4.431884765625000000e+01
-8.700234413146972656e+00,4.605665206909179688e+01
2.915084123611450195e+00,3.565032577514648438e+01
2.000665664672851562e+01,-7.041462898254394531e+00
1.827021598815917969e+01,-7.838957786560058594e+00
-1.226356124877929688e+01,4.742758560180664062e+01
-2.406487464904785156e+01,5.191876220703125000e+01
1.579767704010009766e+00,4.210049438476562500e+01
1.644212841987609863e+00,4.268405151367187500e+01
-1.490073680877685547e+01,2.491480064392089844e+01
-2.242280197143554688e+01,5.568757247924804688e+01
3.626955747604370117e+00,2.916991233825683594e+01
-7.593392848968505859e+00,4.310099411010742188e+01
-2.536958503723144531e+01,3.849785995483398438e+01
-1.004256343841552734e+01,3.910505294799804688e+01
-2.544013404846191406e+01,4.108632659912109375e+01
-2.619322013854980469e+01,3.366579055786132812e+01
-1.131367588043212891e+01,2.065612792968750000e+01
1.129485321044921875e+01,3.102002525329589844e+01
-5.344860553741455078e-01,2.824103355407714844e+01
2.100352859497070312e+01,-3.460412597656250000e+01
-1.010358715057373047e+01,3.570726776123046875e+01
2.323702096939086914e+00,-1.531138038635253906e+01
-8.286098480224609375e+00,2.316876220703125000e+01
4.952745437622070312e+00,3.437110900878906250e+01
-2.515230178833007812e+01,3.811058807373046875e+01
-1.782835006713867188e+01,5.324896240234375000e+01
1.817857933044433594e+01,-1.920925712585449219e+01
-2.646323966979980469e+01,2.222184371948242188e+01
1.957766342163085938e+01,-2.346403312683105469e+01
-8.411670684814453125e+00,-1.397844982147216797e+01
1.026443767547607422e+01,4.116473007202148438e+01
-1.445711517333984375e+01,2.377892494201660156e+01
-2.088147544860839844e+01,3.471914672851562500e+01
-4.599839210510253906e+00,5.261753845214843750e+01
5.201659202575683594e+00,4.020673370361328125e+01
-3.198608636856079102e+00,-4.068911743164062500e+01
2.319744682312011719e+01,-2.936047554016113281e+01
-1.117920207977294922e+01,-2.625696754455566406e+01
-4.749045521020889282e-02,-2.231925582885742188e+01
1.685434913635253906e+01,-1.465878868103027344e+01
2.304071807861328125e+01,-1.544900131225585938e+01
-1.510996437072753906e+01,-2.676990127563476562e+01
1.490850162506103516e+01,-1.148264217376708984e+01
2.584559822082519531e+01,-1.424938011169433594e+01
-3.150778293609619141e+00,4.041109848022460938e+01
1.681641101837158203e+00,-2.339834594726562500e+01
2.719612884521484375e+01,-2.743601226806640625e+01
1.782803344726562500e+01,-1.262065601348876953e+01
-1.242856788635253906e+01,3.957679748535156250e+01
1.794979858398437500e+01,-1.384459781646728516e+01
-1.436826324462890625e+01,-2.577504348754882812e+01
-2.368948173522949219e+01,-1.502754688262939453e+01
5.522156715393066406e+00,1.802516937255859375e+01
2.167197227478027344e+01,-1.539506053924560547e+01
1.721956443786621094e+01,-3.758231353759765625e+01
2.351030731201171875e+01,-2.258491516113281250e+01
-7.495442628860473633e-01,-2.147217750549316406e+01
2.725963973999023438e+01,-1.194346809387207031e+01
2.232566070556640625e+01,-3.136404418945312500e+01
-1.637457847595214844e+01,-8.922728538513183594e+00
-1.665739822387695312e+01,5.173180389404296875e+01
-1.624544334411621094e+01,-2.411602592468261719e+01
2.745353126525878906e+01,-1.259578347206115723e+00
-1.063024997711181641e+01,4.598152160644531250e+01
-7.887757301330566406e+00,3.761732864379882812e+01
5.319263458251953125e+00,-1.821497535705566406e+01
4.954648017883300781e+00,1.844251900911331177e-01
-8.951007843017578125e+00,5.455175018310546875e+01
-5.865580558776855469e+00,5.545403289794921875e+01
-6.193644523620605469e+00,5.398656082153320312e+01
-8.707269668579101562e+00,3.883291625976562500e+01
-1.034776210784912109e+01,3.913270187377929688e+01
1.039497089385986328e+01,1.037006139755249023e+00
-3.213566303253173828e+00,-3.573566055297851562e+01
-1.843201446533203125e+01,4.964233779907226562e+01
2.645684719085693359e+00,-3.843928146362304688e+01
3.718553924560546875e+01,-2.141633987426757812e+01
-7.129812240600585938e+00,5.603480911254882812e+01
1.057289791107177734e+01,-1.418642401695251465e-01
-8.956822395324707031e+00,-2.668832206726074219e+01
-1.765400695800781250e+01,4.554082870483398438e+01
1.493731594085693359e+01,-2.193911314010620117e+00
-6.608648777008056641e+00,5.465916061401367188e+01
-1.350700855255126953e+01,-2.414947700500488281e+01
-1.031657981872558594e+01,4.456368637084960938e+01
-9.931734085083007812e+00,4.405071258544921875e+01
-6.627680778503417969e+00,4.509959793090820312e+01
-5.375353336334228516e+00,5.352674484252929688e+01
-5.340110301971435547e+00,4.196434020996093750e+01
-1.951451301574707031e+01,5.589102935791015625e+01
-1.013112258911132812e+01,5.393264007568359375e+01
-8.226655960083007812e+00,4.633202362060546875e+01
-8.077548980712890625e+00,5.311889266967773438e+01
-2.269528388977050781e+01,5.281696319580078125e+01
-7.614781379699707031e+00,5.474295425415039062e+01
-2.273262977600097656e+01,5.273646545410156250e+01
1.507337379455566406e+01,-1.606547737121582031e+01
2.744242858886718750e+01,-1.302723503112792969e+01
2.439787101745605469e+01,-2.657384681701660156e+01
2.499148178100585938e+01,-2.648405265808105469e+01
2.355082511901855469e+01,-2.205690383911132812e+01
-2.093412160873413086e+00,2.425195693969726562e+01
2.885410118103027344e+01,-1.099530601501464844e+01
1.016633224487304688e+01,-2.938132286071777344e+01
3.155812644958496094e+01,-2.254117584228515625e+01
-1.861194968223571777e+00,2.022077560424804688e+01
1.930101394653320312e+01,-1.747104263305664062e+01
2.332716178894042969e+01,-3.466563415527343750e+01
2.102057456970214844e+01,-2.255450630187988281e+01
-2.923607826232910156e+00,-9.455595016479492188e+00
6.347380638122558594e+00,1.656294059753417969e+01
3.263261032104492188e+01,-2.510903167724609375e+01
1.808733177185058594e+01,-3.167597961425781250e+01
1.783695030212402344e+01,-3.058614158630371094e+01
9.835526466369628906e+00,4.133671951293945312e+01
8.956959724426269531e+00,-3.500675201416015625e+01
-7.910450458526611328e+00,-1.148613643646240234e+01
-4.551795005798339844e+00,1.912294769287109375e+01
1.388955974578857422e+01,-2.936378955841064453e+00
-2.838178253173828125e+01,3.729019546508789062e+01
2.115019226074218750e+01,-6.798366069793701172e+00
-1.148616409301757812e+01,2.133125686645507812e+01
-2.670502471923828125e+01,3.128895187377929688e+01
9.559243202209472656e+00,4.112186431884765625e+01
1.113128471374511719e+01,-5.926442146301269531e+00
-2.621491241455078125e+01,3.223934555053710938e+01
1.224743366241455078e+01,1.856595420837402344e+01
-3.792732000350952148e+00,2.520187377929687500e+01
3.490567779541015625e+01,-3.359640502929687500e+01
-6.686719894409179688e+00,-1.037617969512939453e+01
7.864706516265869141e+00,3.065423202514648438e+01
-1.534200096130371094e+01,4.218529129028320312e+01
-2.752848052978515625e+01,3.570790100097656250e+01
-8.410319328308105469e+00,-1.397758483886718750e+01
3.301439762115478516e+00,-3.126770591735839844e+01
1.878615188598632812e+01,-2.377663993835449219e+01
1.308883380889892578e+01,-7.319398403167724609e+00
2.577826690673828125e+01,-2.734400749206542969e+01
7.407754898071289062e+00,4.135239791870117188e+01
5.398506164550781250e+00,-9.909126281738281250e+00
-1.366143226623535156e+00,-1.557506084442138672e+01
1.626475715637207031e+01,-1.960677909851074219e+01
-1.446608638763427734e+01,2.776903343200683594e+01
2.994981575012207031e+01,-3.292473983764648438e+01
2.182286071777343750e+01,-2.739490509033203125e+01
-1.204718208312988281e+01,-1.156284141540527344e+01
1.341735076904296875e+01,-1.146046257019042969e+01
3.218905258178710938e+01,-1.875002861022949219e+01
1.457754993438720703e+01,-5.286315441131591797e+00
2.844515991210937500e+01,-1.907353401184082031e+01
2.424720954895019531e+01,-3.218095779418945312e+01
-1.356101608276367188e+01,1.997153663635253906e+01
1.661363410949707031e+01,-1.266552352905273438e+01
-4.402326107025146484e+00,-1.285758209228515625e+01
1.508876919746398926e+00,3.568850708007812500e+01
-7.493215799331665039e-01,3.631340026855468750e+01
-1.522717189788818359e+01,-2.024782896041870117e+00
5.189720988273620605e-01,-8.616074562072753906e+00
-2.078308486938476562e+01,2.134169387817382812e+01
2.787995719909667969e+01,-1.762045860290527344e+01
1.406903553009033203e+01,2.984465408325195312e+01
2.758304405212402344e+01,-1.777797126770019531e+01
7.388993740081787109e+00,-4.347188568115234375e+01
-5.654746532440185547e+00,3.471648788452148438e+01
1.382123374938964844e+01,2.872647094726562500e+01
-1.297162342071533203e+01,5.338346099853515625e+01
1.275139427185058594e+01,-2.052828216552734375e+01
-1.755639076232910156e+01,1.247754478454589844e+01
-7.104695796966552734e+00,3.443629074096679688e+01
2.754893779754638672e+00,-9.577794075012207031e+00
6.593646526336669922e+00,-4.887687301635742188e+01
1.816012001037597656e+01,-4.150414657592773438e+01
1.785445785522460938e+01,-4.257049179077148438e+01
-4.868718624114990234e+00,2.297766685485839844e+01
-2.404867553710937500e+01,-1.387046623229980469e+01
2.395109367370605469e+01,-1.168523025512695312e+01
-1.898787307739257812e+01,8.190056800842285156e+00
-7.836323976516723633e-01,-4.391074371337890625e+01
2.275676536560058594e+01,-1.065049743652343750e+01
-4.121664524078369141e+00,-9.407637596130371094e+00
-1.176554107666015625e+01,-2.378305625915527344e+01
-1.024677634239196777e+00,-4.592558670043945312e+01
-5.894058227539062500e+00,3.707320022583007812e+01
-5.150870800018310547e+00,-1.012256050109863281e+01
-8.660525321960449219e+00,-2.547851943969726562e+01
3.699130630493164062e+01,-1.895132446289062500e+01
-7.267432212829589844e+00,-2.621915054321289062e+01
2.779906654357910156e+01,-4.269454956054687500e+00
-1.716064453125000000e+01,1.772911262512207031e+01
-5.897539854049682617e-01,-3.187581443786621094e+01
9.934176445007324219e+00,-2.101753997802734375e+01
2.768885421752929688e+01,-2.486429452896118164e+00
-1.406292057037353516e+01,-1.140634918212890625e+01
-5.001020431518554688e+00,-2.180200767517089844e+01
2.943822860717773438e+01,-3.857180404663085938e+01
-9.114357948303222656e+00,-3.199435234069824219e+01
-1.049172210693359375e+01,-3.230882263183593750e+01
-1.817238044738769531e+01,9.655890464782714844e+00
-2.939821624755859375e+01,2.470677757263183594e+01
-3.395681381225585938e-01,-2.861403656005859375e+01
1.191330528259277344e+01,-2.245755195617675781e+01
-1.914599299430847168e+00,3.487738418579101562e+01
-3.878895282745361328e+00,3.454811859130859375e+01
-1.042648887634277344e+01,-1.248022174835205078e+01
-7.410583972930908203e+00,-3.982954406738281250e+01
-1.246244525909423828e+01,5.533815002441406250e+01
2.724481582641601562e+01,-2.893879890441894531e+01
-1.718314361572265625e+01,1.773858642578125000e+01
-3.326376438140869141e+00,3.040343856811523438e+01
-7.356939792633056641e+00,2.572804450988769531e+01
2.650308799743652344e+01,-1.772633171081542969e+01
-1.023865985870361328e+01,3.294720458984375000e+01
6.257798194885253906e+00,1.759438323974609375e+01
-3.200193881988525391e+00,1.196602821350097656e+01
-2.758170604705810547e+00,2.846469497680664062e+01
-1.129692649841308594e+01,2.466491317749023438e+01
-6.502183914184570312e+00,3.215426635742187500e+01
2.770333480834960938e+01,-2.494289875030517578e+00
-2.086666679382324219e+01,2.015694427490234375e+01
-1.392312812805175781e+01,2.199961280822753906e+01
2.768926239013671875e+01,-2.486785173416137695e+00
-1.784827709197998047e+00,-3.193643951416015625e+01
-2.087514495849609375e+01,3.630360794067382812e+01
3.000905036926269531e+01,-3.573490905761718750e+01
-1.754071998596191406e+01,2.872086143493652344e+01
3.351467609405517578e+00,-2.753974342346191406e+01
-7.829135894775390625e+00,-2.337558555603027344e+01
2.925264739990234375e+01,-3.917039489746093750e+01
-1.004678821563720703e+01,2.716872215270996094e+01
6.105666637420654297e+00,1.805888938903808594e+01
-7.092463493347167969e+00,-3.940139007568359375e+01
8.554237365722656250e+00,-2.015495491027832031e+01
-2.617978286743164062e+01,2.960101318359375000e+01
-1.898192882537841797e+00,3.560517501831054688e+01
-1.959321975708007812e+01,5.712831497192382812e+01
4.343905925750732422e+00,1.796404838562011719e+01
6.058743953704833984e+00,4.005255889892578125e+01
-4.869386672973632812e+00,3.697746658325195312e+01
-5.221113204956054688e+00,5.902704620361328125e+01
-4.190045833587646484e+00,-2.058753395080566406e+01
-1.321085548400878906e+01,5.508328247070312500e+01
-2.374859809875488281e+00,1.941499900817871094e+01
1.111786937713623047e+01,1.493465232849121094e+01
-1.406292152404785156e+01,-1.140635871887207031e+01
-8.637130737304687500e+00,3.204077911376953125e+01
-1.927468681335449219e+01,3.773036575317382812e+01
2.943783950805664062e+01,-3.857168579101562500e+01
-1.023865890502929688e+01,3.294720458984375000e+01
3.152886390686035156e+01,-2.121498298645019531e+01
2.978907203674316406e+01,-1.285419654846191406e+01
-6.534487724304199219e+00,5.260034179687500000e+01
-2.186443328857421875e+01,1.871716690063476562e+01
9.903266906738281250e+00,-2.071513938903808594e+01
-1.756093949079513550e-01,2.985558319091796875e+01
-5.367980480194091797e+00,4.290796279907226562e+01
1.307731437683105469e+01,-3.593705368041992188e+01
-4.111295223236083984e+00,3.725467681884765625e+01
3.131944084167480469e+01,-2.440466117858886719e+01
3.178760719299316406e+01,-2.877746391296386719e+01
-2.518377876281738281e+01,1.572820663452148438e+01
-2.379142379760742188e+01,1.892605972290039062e+01
-5.222362518310546875e+00,5.902637100219726562e+01
-2.026318931579589844e+01,1.795729064941406250e+01
6.501924514770507812e+00,4.475518798828125000e+01
3.245815277099609375e+01,-3.109101676940917969e+01
-6.770655512809753418e-01,-8.816037178039550781e+00
-6.745281696319580078e+00,4.328937911987304688e+01
-1.755862617492675781e+01,4.210368728637695312e+01
-2.031147956848144531e+01,1.475922393798828125e+01
-1.875899696350097656e+01,1.577264213562011719e+01
-4.815238952636718750e+00,3.394892883300781250e+01
9.969193458557128906e+00,-2.098018836975097656e+01
2.980894660949707031e+01,-1.178636932373046875e+01
-2.026423454284667969e+01,1.795763969421386719e+01
-8.689678192138671875e+00,1.775117683410644531e+01
-2.680910110473632812e+01,4.034751129150390625e+01
2.657566833496093750e+01,-2.328022766113281250e+01
4.215046882629394531e+00,-1.053314495086669922e+01
1.187981986999511719e+01,2.889453887939453125e+01
7.535178065299987793e-01,4.029272460937500000e+01
-1.499056148529052734e+01,3.101172447204589844e+01
6.645731925964355469e+00,-2.861999893188476562e+01
6.757292747497558594e+00,2.969355201721191406e+01
-5.918918609619140625e+00,1.760283660888671875e+01
-2.188546943664550781e+01,4.073415374755859375e+01
8.966008186340332031e+00,2.772597503662109375e+01
-1.208579540252685547e+01,-3.199898338317871094e+01
-5.588718056678771973e-01,1.774519729614257812e+01
3.090003204345703125e+01,-3.804487228393554688e+01
3.097402572631835938e+01,-3.580221939086914062e+01
-5.976596832275390625e+00,3.944075775146484375e+01
-2.012364006042480469e+01,1.340933227539062500e+01
-1.237171554565429688e+01,-2.503723144531250000e+01
3.406415176391601562e+01,-2.441374778747558594e+01
2.037343788146972656e+01,-2.344297790527343750e+01
-1.312413311004638672e+01,-2.589735412597656250e+01
1.339943981170654297e+01,-4.504598140716552734e+00
-1.577708148956298828e+01,5.378039550781250000e+01
7.499166965484619141e+00,-1.872552275657653809e+00
-1.421836376190185547e+00,-2.195664787292480469e+01
2.657175779342651367e+00,-1.997893905639648438e+01
-1.775433349609375000e+01,5.531574249267578125e+01
-2.151066207885742188e+01,2.149835014343261719e+01
-7.165217876434326172e+00,-1.319310379028320312e+01
-2.303196907043457031e+01,2.047315788269042969e+01
5.797840595245361328e+00,2.875605392456054688e+01
7.050959110260009766e+00,2.832248878479003906e+01
-1.548331260681152344e+01,4.419930267333984375e+01
1.125940036773681641e+01,2.003310966491699219e+01
-1.500342750549316406e+01,3.441899871826171875e+01
1.031219482421875000e+00,3.622606658935546875e+01
2.270794868469238281e+01,-2.417825317382812500e+01
1.225565814971923828e+01,1.919359779357910156e+01
-1.635759925842285156e+01,-2.163490676879882812e+01
-1.773304748535156250e+01,5.825731658935546875e+01
-1.513400375843048096e-01,2.090639114379882812e+01
-2.224018287658691406e+01,3.996409225463867188e+01
3.878862142562866211e+00,-2.054909896850585938e+01
2.452057838439941406e+01,-2.085536956787109375e+01
7.071759700775146484e+00,-3.453348636627197266e+00
-1.191075038909912109e+01,3.176615333557128906e+01
6.968784332275390625e+00,-3.171981573104858398e+00
4.811672687530517578e+00,-4.846071624755859375e+01
8.011949539184570312e+00,-4.047148227691650391e-01
-1.868672752380371094e+01,5.860058593750000000e+01
-1.407719421386718750e+01,-2.296173477172851562e+01
-2.031189918518066406e+01,4.832011413574218750e+01
5.790081977844238281e+00,-4.680114364624023438e+01
1.863981628417968750e+01,-3.313815307617187500e+01
3.124237537384033203e+00,-3.216278076171875000e+01
-1.894790840148925781e+01,1.087802219390869141e+01
3.516803741455078125e+01,-2.490093612670898438e+01
1.406064319610595703e+01,-1.424756908416748047e+01
6.104061126708984375e+00,2.499928325414657593e-01
-1.125718688964843750e+01,-2.801545143127441406e+01
1.089289665222167969e+01,-4.127348709106445312e+01
-1.810709762573242188e+01,5.954645156860351562e+01
8.119252204895019531e+00,-3.467737960815429688e+01
2.588973808288574219e+01,-1.010310173034667969e+01
3.091741943359375000e+01,-3.515956115722656250e+01
1.817740249633789062e+01,-3.565785598754882812e+01
-1.096331119537353516e+01,3.895301818847656250e+01
6.108386993408203125e+00,9.284974932670593262e-01
1.941885375976562500e+01,-4.004505920410156250e+01
-2.115315437316894531e+01,1.079705810546875000e+01
2.855682373046875000e+01,-2.101908302307128906e+01
6.851590156555175781e+00,-3.082473182678222656e+01
7.082850456237792969e+00,-4.708285522460937500e+01
1.996433258056640625e+01,-3.193625259399414062e+01
8.250365257263183594e+00,2.642228317260742188e+01
-2.590531349182128906e+01,1.932877540588378906e+01
1.975542831420898438e+01,-2.793893098831176758e+00
2.766735267639160156e+01,-2.097466278076171875e+01
-1.561466312408447266e+01,-8.951908111572265625e+00
2.735968112945556641e+00,-2.299685478210449219e+01
7.151017665863037109e+00,-4.713013458251953125e+01
-2.376461601257324219e+01,2.105860710144042969e+01
2.907266998291015625e+01,-2.018639183044433594e+01
-1.006186580657958984e+01,-2.605275917053222656e+01
2.686044502258300781e+01,-1.841102027893066406e+01
3.556341552734375000e+01,-2.114932060241699219e+01
2.094622993469238281e+01,-2.832103729248046875e+01
3.325457572937011719e-01,-1.078658008575439453e+01
1.785802650451660156e+01,-3.930357360839843750e+01
3.290044784545898438e+01,-2.320083808898925781e+01
8.266790390014648438e+00,-4.278042984008789062e+01
1.119222998619079590e+00,-3.893903350830078125e+01
-1.588050651550292969e+01,1.211247444152832031e+01
1.568129539489746094e+01,-1.839862442016601562e+01
-4.180193692445755005e-02,-3.871393966674804688e+01
-1.726037788391113281e+01,-2.493447875976562500e+01
-2.460411643981933594e+01,4.334862899780273438e+01
1.015556454658508301e+00,-3.820991897583007812e+01
1.285976219177246094e+01,1.793735313415527344e+01
3.821544408798217773e+00,-4.140420532226562500e+01
1.516268825531005859e+01,-3.800565338134765625e+01
-1.189514732360839844e+01,-2.615709686279296875e+01
1.545539474487304688e+01,-3.468460845947265625e+01
3.201273202896118164e+00,-4.096336364746093750e+01
1.677623367309570312e+01,-4.033524703979492188e+01
-1.599118137359619141e+01,-1.004821777343750000e+01
-1.074018096923828125e+01,4.766333770751953125e+01
-1.167145252227783203e+01,2.633917808532714844e+01
3.480336380004882812e+01,-2.424807929992675781e+01
-3.701371908187866211e+00,2.787035751342773438e+01
-2.606077384948730469e+01,3.466861343383789062e+01
-1.625260543823242188e+01,3.963397216796875000e+01
-2.525920486450195312e+01,1.725979614257812500e+01
2.732475471496582031e+01,-3.057344245910644531e+01
6.382588863372802734e+00,-1.070300102233886719e+01
2.269695281982421875e+01,-2.873692893981933594e+01
-1.406268787384033203e+01,3.610065460205078125e+01
2.672036933898925781e+01,-2.185550498962402344e+01
-1.461357355117797852e+00,4.083746337890625000e+01
-1.019599246978759766e+01,4.541960144042968750e+01
-1.135906887054443359e+01,4.681167984008789062e+01
1.180565834045410156e+01,2.085477638244628906e+01
2.148094367980957031e+01,-3.007191848754882812e+01
-6.004734516143798828e+00,-8.354516983032226562e+00
-1.479704570770263672e+01,3.872761535644531250e+01
-1.311961364746093750e+01,2.166818809509277344e+01
3.080140352249145508e+00,3.615516662597656250e+01
-7.225574493408203125e+00,5.759878540039062500e+01
-2.250275611877441406e+00,-2.171716690063476562e+01
-2.465245485305786133e+00,3.786418533325195312e+01
-2.405161476135253906e+01,3.409983062744140625e+01
-2.820796012878417969e+01,3.243925857543945312e+01
-4.115299224853515625e+00,2.288361549377441406e+01
-1.414544677734375000e+01,2.465216255187988281e+01
5.000096797943115234e+00,1.600833702087402344e+01
-2.177591705322265625e+01,1.239835643768310547e+01
-7.247377872467041016e+00,2.025218391418457031e+01
-2.455623865127563477e+00,-7.145445346832275391e+00
2.136765289306640625e+01,-3.065391349792480469e+01
-2.316126441955566406e+01,3.414332580566406250e+01
-2.237719345092773438e+01,4.173118972778320312e+01
1.740077286958694458e-01,-2.089766120910644531e+01
6.620671272277832031e+00,-3.633116912841796875e+01
-7.161957263946533203e+00,4.951555252075195312e+01
1.335710239410400391e+01,-9.929644584655761719e+00
-2.923874139785766602e+00,1.955521392822265625e+01
-1.802498245239257812e+01,4.458618545532226562e+01
2.309179115295410156e+01,-1.112478828430175781e+01
-1.138749599456787109e+01,2.349165344238281250e+01
-2.600940704345703125e+01,3.091188049316406250e+01
-9.527160644531250000e+00,5.390460968017578125e+01
6.448469161987304688e+00,-4.839770889282226562e+01
3.128044319152832031e+01,-1.917289733886718750e+01
5.517191410064697266e+00,-4.352840805053710938e+01
-8.437295913696289062e+00,-1.097815036773681641e+01
8.574176788330078125e+00,-4.278786087036132812e+01
-2.054594308137893677e-01,3.849816131591796875e+01
-3.050713920593261719e+01,2.256029319763183594e+01
-1.857205390930175781e+01,5.248854827880859375e+01
-3.705980300903320312e+00,4.374626541137695312e+01
-5.860656738281250000e+00,1.860247611999511719e+01
-2.038221120834350586e+00,-4.020872116088867188e+01
-4.830183506011962891e+00,-3.737391281127929688e+01
-2.575294303894042969e+01,3.052075767517089844e+01
1.959254646301269531e+01,-2.136743545532226562e+01
1.360386085510253906e+01,-1.111436557769775391e+01
-8.841789245605468750e+00,4.185805511474609375e+01
-2.002104377746582031e+01,5.909569168090820312e+01
1.131447887420654297e+01,-1.028785610198974609e+01
1.448268413543701172e+01,-2.434365653991699219e+01
8.063553810119628906e+00,-6.734904289245605469e+00
1.277733039855957031e+01,2.838294219970703125e+01
-2.609965133666992188e+01,1.601364707946777344e+01
2.059426689147949219e+01,-1.460809040069580078e+01
6.146293878555297852e-01,3.840013885498046875e+01
-1.296410369873046875e+01,-2.431501579284667969e+01
3.223786163330078125e+01,-1.791841125488281250e+01
2.866674232482910156e+01,-2.156724357604980469e+01
-9.025799751281738281e+00,-3.360412979125976562e+01
3.358124732971191406e+00,-1.536151123046875000e+01
-1.571876239776611328e+01,-2.231745147705078125e+01
-2.555684280395507812e+01,2.132153511047363281e+01
2.435185164213180542e-01,2.043132591247558594e+01
1.757349133491516113e+00,-4.777579498291015625e+01
-1.554209709167480469e+01,2.177599334716796875e+01
-1.783923912048339844e+01,5.482872390747070312e+01
1.809884428977966309e+00,-4.753742218017578125e+01
7.229368209838867188e+00,-4.764390468597412109e+00
-7.035762667655944824e-01,3.101028633117675781e+01
-1.522376251220703125e+01,-2.408671760559082031e+01
8.550787925720214844e+00,4.009742355346679688e+01
1.623094558715820312e+01,-3.062318801879882812e+01
-6.151067256927490234e+00,1.975548934936523438e+01
5.521782875061035156e+00,2.120447349548339844e+01
5.296931743621826172e+00,-4.459563446044921875e+01
-1.228171539306640625e+01,2.240965080261230469e+01
4.572446823120117188e+00,2.481238746643066406e+01
1.958870124816894531e+01,-2.990620040893554688e+01
-2.140888977050781250e+01,3.967684555053710938e+01
-1.783128547668457031e+01,1.331793022155761719e+01
-1.638340568542480469e+01,5.770613861083984375e+01
1.386206531524658203e+01,-9.658658981323242188e+00
1.324409770965576172e+01,-8.911447525024414062e+00
-1.368481349945068359e+01,3.120354080200195312e+01
-8.627600669860839844e+00,4.994197463989257812e+01
-7.991950511932373047e+00,-3.148133087158203125e+01
-3.423456430435180664e+00,3.601483917236328125e+01
-1.945387649536132812e+01,1.321441650390625000e+01
1.582497406005859375e+01,-5.400059700012207031e+00
-8.858066558837890625e+00,5.556474304199218750e+01
2.278592872619628906e+01,-3.046493530273437500e+01
2.974376678466796875e-01,-4.598025894165039062e+01
1.528201007843017578e+01,-3.849265289306640625e+01
-1.122244548797607422e+01,2.890178871154785156e+01
4.366724491119384766e+00,-2.180930519104003906e+01
2.188290214538574219e+01,-3.067207527160644531e+01
5.840352535247802734e+00,2.725290679931640625e+01
3.386106014251708984e+00,2.994961547851562500e+01
4.690179824829101562e+00,1.864143753051757812e+01
3.490377807617187500e+01,-3.383097839355468750e+01
3.524610996246337891e+00,2.852286529541015625e+01
-1.395719814300537109e+01,5.528088760375976562e+01
-2.204990386962890625e+01,1.975474357604980469e+01
-1.635576820373535156e+01,5.461276245117187500e+01
1.486379241943359375e+01,2.977514839172363281e+01
3.627086639404296875e+01,-2.679122161865234375e+01
-4.682721614837646484e+00,3.611521911621093750e+01
1.766820526123046875e+01,-3.591725921630859375e+01
9.881155014038085938e+00,-4.183150863647460938e+01
-7.641163825988769531e+00,4.975972366333007812e+01
-8.744610548019409180e-01,3.487361907958984375e+01
-1.756008148193359375e+01,5.146220397949218750e+01
2.995428657531738281e+01,-3.286743545532226562e+01
1.011353015899658203e+01,-4.221431350708007812e+01
-2.244210433959960938e+01,2.248736381530761719e+01
1.399011802673339844e+01,-1.602699661254882812e+01
-2.452432441711425781e+01,3.980513763427734375e+01
-1.236566734313964844e+01,4.215301895141601562e+01
-2.359546089172363281e+01,4.052449798583984375e+01
-2.525302886962890625e+01,4.064993286132812500e+01
5.178562164306640625e+00,-1.996008491516113281e+01
-2.442986369132995605e-01,-1.354557418823242188e+01
5.288099765777587891e+00,1.749115753173828125e+01
8.538472175598144531e+00,2.469791793823242188e+01
5.090517997741699219e+00,2.613099479675292969e+01
5.759175300598144531e+00,1.986552619934082031e+01
2.139631462097167969e+01,-8.211956977844238281e+00
-2.086960792541503906e+01,4.374855804443359375e+01
1.705409049987792969e+01,-4.117235183715820312e+01
-1.401565647125244141e+01,3.791567611694335938e+01
-3.026064682006835938e+01,2.239791297912597656e+01
-1.868136787414550781e+01,5.621160888671875000e+01
-9.698313713073730469e+00,5.678104019165039062e+01
3.689593791961669922e+00,-2.092077255249023438e+01
2.421869993209838867e+00,-2.871877670288085938e+01
-2.372313499450683594e+00,-4.603446578979492188e+01
-9.319218635559082031e+00,-3.375478363037109375e+01
1.892664718627929688e+01,-2.193551635742187500e+01
2.369989013671875000e+01,-2.657880783081054688e+01
-2.446599578857421875e+01,4.279891204833984375e+01
-9.945584297180175781e+00,1.937756347656250000e+01
7.697896480560302734e+00,1.720652937889099121e+00
1.623919486999511719e+01,-3.601570892333984375e+01
9.075937271118164062e-01,-4.010565567016601562e+01
-5.438405871391296387e-01,-3.896127700805664062e+01
1.011248874664306641e+01,-8.592704772949218750e+00
1.029357719421386719e+01,-9.120238304138183594e+00
9.568390250205993652e-01,-2.716183662414550781e+01
-1.418113422393798828e+01,5.433787536621093750e+01
1.327031493186950684e+00,-4.201744842529296875e+01
-1.703303146362304688e+01,5.397397613525390625e+01
-1.457475090026855469e+01,4.559302902221679688e+01
-1.349147987365722656e+01,2.672221183776855469e+01
-2.792458724975585938e+01,3.064834213256835938e+01
1.728398513793945312e+01,-1.078437995910644531e+01
1.076094150543212891e+01,2.237513351440429688e+01
-7.973451614379882812e+00,-1.279231739044189453e+01
1.101788520812988281e+01,2.581359291076660156e+01
-1.612817382812500000e+01,2.177891159057617188e+01
-2.600566482543945312e+01,3.650871658325195312e+01
2.052989482879638672e+00,1.881849288940429688e+01
-1.749908638000488281e+01,5.674345016479492188e+01
-6.230604171752929688e+00,4.787825775146484375e+01
-2.891360664367675781e+01,3.047336959838867188e+01
-1.181087493896484375e+01,2.226139068603515625e+01
1.527151763439178467e-01,1.909320640563964844e+01
5.514414906501770020e-01,-2.850273132324218750e+01
6.554940700531005859e+00,-2.672137832641601562e+01
-2.139882892370223999e-01,2.724140167236328125e+01
1.565227317810058594e+01,3.057297515869140625e+01
-1.430995750427246094e+01,2.849707794189453125e+01
3.839107036590576172e+00,-2.990730476379394531e+01
-2.402692794799804688e+00,-3.946590805053710938e+01
6.882853031158447266e+00,4.014039611816406250e+01
1.111781978607177734e+01,1.492832469940185547e+01
-5.963112831115722656e+00,-1.478475093841552734e+01
-7.013855457305908203e+00,2.498322486877441406e+01
-8.900074005126953125e+00,5.539499664306640625e+01
-1.030434513092041016e+01,5.615808868408203125e+01
-3.881481409072875977e+00,-3.912153625488281250e+01
-1.045814990997314453e+01,-3.156717872619628906e+01
-1.430201339721679688e+01,4.612938690185546875e+01
9.687839508056640625e+00,-3.608350753784179688e+01
2.267748069763183594e+01,-8.243326187133789062e+00
-2.008629798889160156e+01,1.897221755981445312e+01
