4.175994396209716797e+00,-1.070169448852539062e+01
-3.602288246154785156e+00,3.469257354736328125e+01
-1.178308868408203125e+01,2.685381317138671875e+01
-1.246724247932434082e+00,1.559550762176513672e+00
1.864702224731445312e+01,-4.301118087768554688e+01
-1.085732173919677734e+01,2.804629325866699219e+01
1.398011493682861328e+01,-2.824349021911621094e+01
1.410584735870361328e+01,-2.768108940124511719e+01
-7.834570407867431641e+00,2.552025413513183594e+01
-2.238226890563964844e+01,2.078866577148437500e+01
-1.246686697006225586e+00,1.559504151344299316e+00
-1.439520168304443359e+01,2.742258834838867188e+01
-7.232479095458984375e+00,2.583258438110351562e+01
-1.130083656311035156e+01,2.650947570800781250e+01
1.864702224731445312e+01,-4.301118087768554688e+01
1.687570190429687500e+01,-2.663568305969238281e+01
-1.460883617401123047e+01,2.761801719665527344e+01
1.706206130981445312e+01,-2.763317298889160156e+01
1.721426200866699219e+01,-2.919429206848144531e+01
-1.007605361938476562e+01,2.804482460021972656e+01
-3.602408170700073242e+00,3.469240188598632812e+01
-9.662853240966796875e+00,2.415527534484863281e+01
-9.662853240966796875e+00,2.415527534484863281e+01
1.645076560974121094e+01,-2.780401611328125000e+01
-2.238242912292480469e+01,2.078891181945800781e+01
1.345184993743896484e+01,-4.592589187622070312e+01
1.345295524597167969e+01,-4.592951202392578125e+01
1.714718627929687500e+01,-4.621335601806640625e+01
1.700629234313964844e+01,-4.641189193725585938e+01
1.763047027587890625e+01,-2.903948402404785156e+01
1.624545288085937500e+01,-2.665430641174316406e+01
1.473585891723632812e+01,-4.323238754272460938e+01
-6.131616115570068359e+00,2.741238784790039062e+01
1.490175914764404297e+01,-4.293206405639648438e+01
-6.383236885070800781e+00,2.778145408630371094e+01
3.770444869995117188e+01,-2.722251129150390625e+01
-1.088705658912658691e+00,3.873200988769531250e+01
1.517312717437744141e+01,-2.956533050537109375e+01
-4.807687759399414062e+00,1.201572799682617188e+01
8.271573066711425781e+00,-1.636362266540527344e+01
4.947183227539062500e+01,-3.223553085327148438e+01
-5.056667327880859375e-02,3.992105865478515625e+01
-1.224653720855712891e+01,7.609069347381591797e+00
-2.417757272720336914e+00,3.891206359863281250e+01
-2.077673721313476562e+01,6.379623889923095703e+00
-1.558583527803421021e-01,4.722619628906250000e+01
-2.674368095397949219e+01,2.782270908355712891e+00
1.509192466735839844e+01,3.296432495117187500e+01
-2.101841354370117188e+01,1.031005477905273438e+01
-1.194883063435554504e-01,4.795398712158203125e+01
-1.848698043823242188e+01,5.206150817871093750e+01
-1.754917335510253906e+01,5.039411926269531250e+01
1.776364326477050781e+01,3.119486236572265625e+01
-1.194073081016540527e+00,4.824591445922851562e+01
-1.499904632568359375e+01,7.336113929748535156e+00
-2.773808479309082031e+01,5.629214763641357422e+00
1.169866681098937988e+00,4.724765777587890625e+01
-1.547941493988037109e+01,4.068439483642578125e+01
-2.506050872802734375e+01,3.231905746459960938e+01
-4.469238281250000000e+01,2.637648582458496094e+01
-2.068370628356933594e+01,3.454893493652343750e+01
-2.456472969055175781e+01,2.589731025695800781e+01
-3.677916717529296875e+01,1.532358646392822266e+01
-4.797356033325195312e+01,3.352681350708007812e+01
2.358088684082031250e+01,-5.298401641845703125e+01
1.218595147132873535e+00,-2.347313308715820312e+01
-3.132892990112304688e+01,4.309735107421875000e+01
2.246777534484863281e+01,-5.143740844726562500e+01
2.385741996765136719e+01,-4.657666778564453125e+01
3.201478958129882812e+01,-1.053477478027343750e+01
4.378756523132324219e+00,-1.638208198547363281e+01
-2.921499609947204590e-01,-4.659366989135742188e+01
-8.180439472198486328e-01,3.058687591552734375e+01
-1.490794062614440918e+00,1.366479587554931641e+01
-1.045766735076904297e+01,2.859809684753417969e+01
1.595495605468750000e+01,3.177221107482910156e+01
-1.565339660644531250e+01,4.186013031005859375e+01
1.174325561523437500e+01,-1.814557647705078125e+01
3.773333358764648438e+01,-4.398394393920898438e+01
-3.773495483398437500e+01,4.121574020385742188e+01
-4.225578689575195312e+01,2.703848075866699219e+01
6.328198313713073730e-01,1.449729633331298828e+01
-7.850649356842041016e+00,2.619466018676757812e+01
1.248491191864013672e+01,3.448820495605468750e+01
1.354730415344238281e+01,-2.785229110717773438e+01
-1.977210426330566406e+01,8.919548034667968750e+00
-3.190015983581542969e+01,1.885963821411132812e+01
-1.151336002349853516e+01,4.343286895751953125e+01
6.282371997833251953e+00,2.213331985473632812e+01
-2.765945243835449219e+01,5.664771556854248047e+00
-1.879244232177734375e+01,5.348848342895507812e+01
1.798793029785156250e+01,3.176471710205078125e+01
2.331161689758300781e+01,-5.145186233520507812e+01
2.162153053283691406e+01,-1.875940895080566406e+01
-3.203820419311523438e+01,3.027029609680175781e+01
1.863953399658203125e+01,-3.456529235839843750e+01
1.964596557617187500e+01,-2.409271812438964844e+01
-2.047964859008789062e+01,9.906933784484863281e+00
-2.439163589477539062e+01,2.701370811462402344e+01
-3.826208114624023438e+01,1.222093963623046875e+01
-9.551309585571289062e+00,1.554521274566650391e+01
-2.283236122131347656e+01,-9.160380959510803223e-01
-1.416056156158447266e+01,2.027666282653808594e+01
2.315765953063964844e+01,-4.645673370361328125e+01
1.401614284515380859e+01,-1.391448211669921875e+01
-2.786568260192871094e+01,3.230651473999023438e+01
-2.493304252624511719e+01,3.792897796630859375e+01
-3.576359176635742188e+01,1.547042179107666016e+01
-1.145271658897399902e+00,1.589264488220214844e+01
-4.083628845214843750e+01,3.245945358276367188e+01
-4.387741851806640625e+01,2.096302795410156250e+01
-1.490931630134582520e+00,1.366521549224853516e+01
-3.129124832153320312e+01,3.860886764526367188e+01
1.900117397308349609e+00,1.484659385681152344e+01
2.013181298971176147e-01,8.854958534240722656e+00
1.317865562438964844e+01,-3.635553741455078125e+01
3.361938858032226562e+01,-8.943469047546386719e+00
4.559557342529296875e+01,-2.860715866088867188e+01
-4.001868438720703125e+01,3.572838973999023438e+01
7.733835220336914062e+00,2.583329582214355469e+01
-3.883752059936523438e+01,1.378971767425537109e+01
1.176522731781005859e+01,-2.009395027160644531e+01
-4.430674743652343750e+01,2.224133300781250000e+01
-4.936812210083007812e+01,3.176476860046386719e+01
1.635205268859863281e+01,3.302231979370117188e+01
1.285343933105468750e+01,-3.323299026489257812e+01
-2.538687324523925781e+01,3.240045547485351562e+01
-2.230492401123046875e+01,3.330306243896484375e+01
-4.544334793090820312e+01,2.527068328857421875e+01
-2.586833190917968750e+01,2.488863563537597656e+01
1.403906726837158203e+01,-2.048348426818847656e+01
-1.970257377624511719e+01,2.614777326583862305e+00
-2.978647041320800781e+01,1.735578918457031250e+01
-2.470849037170410156e+01,1.508249044418334961e+00
-2.852540206909179688e+01,4.507621288299560547e+00
-4.401795578002929688e+01,2.267638778686523438e+01
2.142359924316406250e+01,-1.969219398498535156e+01
-4.271936416625976562e+01,2.010492897033691406e+01
-1.220563411712646484e+01,1.980915260314941406e+01
3.849364471435546875e+01,-1.794562149047851562e+01
2.030954551696777344e+01,-1.358927822113037109e+01
-3.964913558959960938e+01,2.742667007446289062e+01
4.701257050037384033e-01,4.405337524414062500e+01
-2.324461174011230469e+01,-1.426789760589599609e+00
2.206157445907592773e+00,2.345909500122070312e+01
-3.402430343627929688e+01,9.501115798950195312e+00
1.865466499328613281e+01,3.126708412170410156e+01
2.824324989318847656e+01,-1.645874404907226562e+01
-2.004420042037963867e+00,3.808395767211914062e+01
-1.383151626586914062e+01,7.298329353332519531e+00
-7.802315950393676758e-01,-3.131818580627441406e+01
1.483677577972412109e+01,3.383170700073242188e+01
-9.825712442398071289e-01,4.689001846313476562e+01
-1.602014350891113281e+01,2.963375854492187500e+01
6.555323600769042969e+00,-3.795310211181640625e+01
2.804712295532226562e+00,3.031631851196289062e+01
-3.149231529235839844e+01,2.024504089355468750e+01
-2.507010269165039062e+01,9.115195274353027344e+00
-3.040394210815429688e+01,1.574494934082031250e+01
1.484905838966369629e+00,-3.756088256835937500e+01
-1.812797355651855469e+01,8.425432205200195312e+00
-4.051589667797088623e-01,1.172031879425048828e+01
5.274130821228027344e+00,-1.389937591552734375e+01
-3.128526306152343750e+01,3.083664894104003906e+01
-1.859294509887695312e+01,1.464438319206237793e+00
2.785659980773925781e+01,-4.831675720214843750e+01
-2.862577819824218750e+01,2.627349853515625000e+01
9.355542063713073730e-01,3.607723999023437500e+01
-4.729052352905273438e+01,3.359818267822265625e+01
6.652753829956054688e+00,2.545415306091308594e+01
3.513595199584960938e+01,-2.714301300048828125e+01
-7.871742248535156250e+00,4.542057800292968750e+01
2.050189971923828125e+00,2.716848754882812500e+01
6.315903663635253906e-01,2.826938438415527344e+01
-1.884009361267089844e+01,1.915211558341979980e+00
-2.850766754150390625e+01,5.485648727416992188e+01
-1.738822937011718750e+01,5.501131439208984375e+01
-1.621085929870605469e+01,5.554286575317382812e+01
-1.430534744262695312e+01,6.093191146850585938e+00
4.234116363525390625e+01,-4.095930480957031250e+01
-4.261153411865234375e+01,1.794201278686523438e+01
-1.656835937500000000e+01,5.698581695556640625e+01
-2.975250434875488281e+01,4.677214050292968750e+01
-3.664815139770507812e+01,3.736528015136718750e+01
-4.029720783233642578e+00,1.337475204467773438e+01
-3.375706863403320312e+01,1.262959766387939453e+01
4.143831253051757812e+00,2.416014671325683594e+01
-3.271973800659179688e+01,4.233989334106445312e+01
-2.041995048522949219e+01,7.230088710784912109e+00
2.688816070556640625e+01,-2.135734176635742188e+01
-1.923481559753417969e+01,1.244145870208740234e+00
-1.168657493591308594e+01,4.237022781372070312e+01
-3.160782814025878906e+01,4.383058166503906250e+01
7.494434833526611328e+00,2.643483161926269531e+01
-1.189751625061035156e+01,8.558075904846191406e+00
-2.847513008117675781e+01,2.921454811096191406e+01
-2.919436454772949219e+01,2.930350303649902344e+01
-6.932805776596069336e-01,2.753894805908203125e+01
-3.561820745468139648e+00,-4.905256652832031250e+01
-3.936230850219726562e+01,3.411692810058593750e+01
4.391371154785156250e+01,-4.315773010253906250e+01
-1.754791069030761719e+01,5.699900436401367188e+01
2.968070220947265625e+01,-1.636579513549804688e+01
-4.038755035400390625e+01,1.444351100921630859e+01
-4.744726181030273438e+01,3.493547058105468750e+01
-3.017837142944335938e+01,3.146849632263183594e+01
8.017246246337890625e+00,4.173401260375976562e+01
8.948796272277832031e+00,4.686280059814453125e+01
-1.761335563659667969e+01,5.658009338378906250e+01
-2.288822174072265625e+01,5.014517211914062500e+01
-3.147852325439453125e+01,1.629397392272949219e+01
-1.454011440277099609e+01,4.046043777465820312e+01
-3.341001129150390625e+01,4.757964706420898438e+01
3.783570480346679688e+01,-9.493852615356445312e+00
2.874662780761718750e+01,-4.387007522583007812e+01
7.056741714477539062e+00,3.656059265136718750e+01
1.374062538146972656e+01,2.915309715270996094e+01
2.869559478759765625e+01,-2.011170005798339844e+01
3.802167892456054688e+01,-3.699048233032226562e+01
9.528159141540527344e+00,4.390065383911132812e+01
3.096856117248535156e+01,-1.198267459869384766e+01
-3.201534271240234375e+01,1.060430812835693359e+01
9.131921768188476562e+00,1.546439552307128906e+01
-1.302914619445800781e+01,4.420720672607421875e+01
-7.366423606872558594e+00,4.908373260498046875e+01
9.564546585083007812e+00,-5.310209274291992188e+01
-1.284204125404357910e+00,-3.220777511596679688e+01
1.195331954956054688e+01,-3.279627227783203125e+01
-3.865676879882812500e+01,4.458340454101562500e+01
-2.615944290161132812e+01,4.844923019409179688e+01
2.396736717224121094e+01,-1.636994361877441406e+01
-5.003537178039550781e+00,4.788290023803710938e+01
5.082746124267578125e+01,-3.130624580383300781e+01
-3.758842468261718750e+01,4.337107467651367188e+01
-2.060056114196777344e+01,3.122305870056152344e+01
-2.993227958679199219e+01,2.796017456054687500e+01
8.379002571105957031e+00,4.489722824096679688e+01
2.257749176025390625e+01,-5.586093139648437500e+01
-2.491953372955322266e+00,4.672742843627929688e+01
-1.880920982360839844e+01,3.593353271484375000e+01
-2.891966342926025391e+00,4.754078292846679688e+01
-4.410913467407226562e+01,2.872708320617675781e+01
9.782099723815917969e+00,1.233666610717773438e+01
2.579979705810546875e+01,-4.652763366699218750e+01
-1.598480510711669922e+01,9.068601608276367188e+00
5.114172363281250000e+01,-2.947878646850585938e+01
-1.068625545501708984e+01,1.631460762023925781e+01
-1.833791542053222656e+01,4.049444580078125000e+01
-1.315258884429931641e+01,1.015978813171386719e+01
-3.724529647827148438e+01,4.524003982543945312e+01
-1.485299015045166016e+01,9.043945312500000000e+00
-3.012849426269531250e+01,4.470554351806640625e+01
-5.254489421844482422e+00,3.594480514526367188e+01
-3.012790870666503906e+01,4.470665740966796875e+01
-6.311292648315429688e+00,-4.071607589721679688e+01
1.161467909812927246e+00,4.909177398681640625e+01
4.633675003051757812e+01,-3.426114273071289062e+01
-3.163731384277343750e+01,2.801408958435058594e+01
9.147065162658691406e+00,3.986698913574218750e+01
-1.832208061218261719e+01,1.446057224273681641e+01
-1.823696136474609375e+01,2.932982063293457031e+01
-1.244633102416992188e+01,3.248683929443359375e+01
-4.848505020141601562e+00,-4.410135269165039062e+01
-4.848684310913085938e+00,-4.410206985473632812e+01
4.229645538330078125e+01,-3.837514877319335938e+01
4.221887207031250000e+01,-3.793099594116210938e+01
-3.470877456665039062e+01,3.928361129760742188e+01
-3.470877456665039062e+01,3.928361129760742188e+01
3.782510375976562500e+01,-1.201931381225585938e+01
3.750550842285156250e+01,-1.184600162506103516e+01
2.062563323974609375e+01,-4.611238861083984375e+01
2.062563323974609375e+01,-4.611238861083984375e+01
5.108454132080078125e+01,-2.444574737548828125e+01
5.108564758300781250e+01,-2.444536209106445312e+01
3.708968734741210938e+01,-4.080382537841796875e+01
3.708968734741210938e+01,-4.080382537841796875e+01
1.776998901367187500e+01,-4.385072708129882812e+01
1.822485542297363281e+01,-4.418792724609375000e+01
4.620783615112304688e+01,-4.255306243896484375e+01
4.577389526367187500e+01,-4.332440185546875000e+01
4.485064315795898438e+01,-4.206160736083984375e+01
4.564163970947265625e+01,-4.190742874145507812e+01
-6.757432818412780762e-01,-4.867714309692382812e+01
-5.504444837570190430e-01,-4.886832427978515625e+01
5.202445220947265625e+01,-3.093762969970703125e+01
5.202445220947265625e+01,-3.093762969970703125e+01
8.214036941528320312e+00,-1.433424663543701172e+01
8.212749481201171875e+00,-1.433571720123291016e+01
6.537933349609375000e+00,-1.320003604888916016e+01
6.537933349609375000e+00,-1.320003604888916016e+01
3.166364097595214844e+01,-3.587570953369140625e+01
3.166327667236328125e+01,-3.587536621093750000e+01
3.170408058166503906e+01,-2.053962516784667969e+01
3.170444869995117188e+01,-2.053967475891113281e+01
3.057197570800781250e+01,-4.818240356445312500e+01
3.082237625122070312e+01,-4.809308624267578125e+01
-1.247416114807128906e+01,1.513122272491455078e+01
-1.247416114807128906e+01,1.513122272491455078e+01
2.723745155334472656e+01,-9.681568145751953125e+00
2.723768424987792969e+01,-9.681409835815429688e+00
3.427647399902343750e+01,-5.072363281250000000e+01
3.427647399902343750e+01,-5.072363281250000000e+01
1.234189224243164062e+01,-1.644198608398437500e+01
1.234189224243164062e+01,-1.644198608398437500e+01
2.309848785400390625e+01,-4.024653625488281250e+01
2.309830474853515625e+01,-4.024651718139648438e+01
1.628231811523437500e+01,2.883999824523925781e+01
1.628231811523437500e+01,2.883999824523925781e+01
-1.553993320465087891e+01,1.253403949737548828e+01
-1.554007339477539062e+01,1.253398227691650391e+01
2.485455703735351562e+01,-3.036535453796386719e+01
-1.832200622558593750e+01,1.446050357818603516e+01
6.784093379974365234e+00,4.039523315429687500e+01
6.547727108001708984e+00,3.987353897094726562e+01
2.485455703735351562e+01,-3.036535453796386719e+01
8.121678352355957031e+00,4.665308380126953125e+01
8.121678352355957031e+00,4.665308380126953125e+01
-1.841663932800292969e+01,4.279053497314453125e+01
-1.841663932800292969e+01,4.279053497314453125e+01
4.768413543701171875e+00,-1.975754356384277344e+01
4.768413543701171875e+00,-1.975754356384277344e+01
-2.912909889221191406e+01,5.645014572143554688e+01
-2.912910270690917969e+01,5.644986343383789062e+01
3.547975158691406250e+01,-4.952322387695312500e+01
-2.319593811035156250e+01,1.259252738952636719e+01
-2.331782341003417969e+01,1.241160678863525391e+01
4.852271270751953125e+01,-2.541490364074707031e+01
4.852271270751953125e+01,-2.541490364074707031e+01
5.609470844268798828e+00,-3.337513351440429688e+01
5.609470844268798828e+00,-3.337513351440429688e+01
3.193113136291503906e+01,-1.280129432678222656e+01
3.193113136291503906e+01,-1.280129432678222656e+01
9.814643859863281250e+00,-5.177043914794921875e+01
9.815803527832031250e+00,-5.177135086059570312e+01
-3.907178115844726562e+01,1.236194229125976562e+01
3.585229110717773438e+01,-5.000520706176757812e+01
5.346653461456298828e+00,-4.780484008789062500e+01
5.346653461456298828e+00,-4.780484008789062500e+01
4.803997516632080078e+00,8.458549499511718750e+00
3.993514060974121094e+00,8.844967842102050781e+00
2.485014438629150391e+00,-1.409517002105712891e+01
2.485014438629150391e+00,-1.409517002105712891e+01
2.815760135650634766e+00,1.088124752044677734e+01
3.075681924819946289e+00,1.109908294677734375e+01
7.308676242828369141e+00,3.835535049438476562e+01
7.231141090393066406e+00,3.796944046020507812e+01
-2.364887619018554688e+01,3.468078994750976562e+01
-2.364787101745605469e+01,3.468632507324218750e+01
1.250103950500488281e+01,-4.308009338378906250e+01
1.249992942810058594e+01,-4.325215148925781250e+01
-9.828671455383300781e+00,4.732909011840820312e+01
-9.828315734863281250e+00,4.732876205444335938e+01
1.777922058105468750e+01,-4.906766128540039062e+01
1.777750205993652344e+01,-4.906624603271484375e+01
-3.876946258544921875e+01,1.172411251068115234e+01
-1.292062091827392578e+01,4.114592742919921875e+01
-1.264129447937011719e+01,4.094105148315429688e+01
8.456306457519531250e+00,-3.127863693237304688e+01
8.456142425537109375e+00,-3.127803993225097656e+01
6.364400982856750488e-01,-4.294689178466796875e+01
6.369748115539550781e-01,-4.294587707519531250e+01
3.111473619937896729e-01,3.783884048461914062e+01
7.658044099807739258e-01,3.788611602783203125e+01
5.218525886535644531e+00,1.472986602783203125e+01
5.218525886535644531e+00,1.472986602783203125e+01
2.517813873291015625e+01,-5.044728088378906250e+01
2.513639259338378906e+01,-5.035885238647460938e+01
1.532734775543212891e+01,-3.589390563964843750e+01
1.532648563385009766e+01,-3.589313888549804688e+01
5.107963085174560547e+00,4.043191146850585938e+01
5.469180107116699219e+00,4.067094802856445312e+01
-2.967461395263671875e+01,3.076907157897949219e+01
-3.011871147155761719e+01,3.051799964904785156e+01
-1.244626998901367188e+01,3.248694610595703125e+01
-2.689768409729003906e+01,2.733903503417968750e+01
-2.696252632141113281e+01,2.713787651062011719e+01
-1.823675918579101562e+01,2.932991981506347656e+01
2.053875732421875000e+01,-2.752029228210449219e+01
2.053851699829101562e+01,-2.708068847656250000e+01
1.513409519195556641e+01,1.768013000488281250e+01
1.513409519195556641e+01,1.768013000488281250e+01
3.528641510009765625e+01,-4.663125991821289062e+01
3.528641510009765625e+01,-4.663125991821289062e+01
3.806053161621093750e+01,-1.058727836608886719e+01
3.860183334350585938e+01,-1.063444900512695312e+01
4.952212810516357422e+00,-5.205137252807617188e+01
4.952212810516357422e+00,-5.205137252807617188e+01
3.715127182006835938e+01,-4.940069961547851562e+01
3.696887969970703125e+01,-4.900225067138671875e+01
-3.627571487426757812e+01,3.285646057128906250e+01
-3.627571487426757812e+01,3.285646057128906250e+01
-4.682568073272705078e+00,1.768308830261230469e+01
-4.682144165039062500e+00,1.768260574340820312e+01
3.177384376525878906e+01,-5.307825851440429688e+01
3.177384376525878906e+01,-5.307825851440429688e+01
-2.455710983276367188e+01,3.587119293212890625e+01
-2.477792549133300781e+01,3.574508285522460938e+01
-2.308189201354980469e+01,4.872208786010742188e+01
-2.308184432983398438e+01,4.872236633300781250e+01
-4.200992584228515625e+01,2.183211517333984375e+01
-4.238076400756835938e+01,2.242264366149902344e+01
-2.281748294830322266e+00,4.913543701171875000e+01
-2.523367881774902344e+00,4.937179946899414062e+01
-2.533568954467773438e+01,1.063094329833984375e+01
-2.543037414550781250e+01,1.113598155975341797e+01
4.340907287597656250e+01,-3.836210250854492188e+01
4.155923080444335938e+01,-3.956961059570312500e+01
-2.940362358093261719e+01,4.216894149780273438e+01
5.013806343078613281e+00,3.742333602905273438e+01
-4.262127685546875000e+01,2.178494644165039062e+01
-4.275969696044921875e+01,3.358096694946289062e+01
-2.559821701049804688e+01,2.881752586364746094e+01
5.943706989288330078e+00,1.287871742248535156e+01
-1.430974006652832031e+01,4.163565444946289062e+01
-5.364576816558837891e+00,-4.121391296386718750e+01
5.047082901000976562e+00,-3.762508773803710938e+01
-2.076194524765014648e+00,-3.718743896484375000e+01
2.691627883911132812e+01,-3.981090927124023438e+01
-6.805276870727539062e+00,1.358067512512207031e+01
-6.367846965789794922e+00,-4.664407348632812500e+01
1.001901817321777344e+01,-4.512246704101562500e+01
7.109546661376953125e+00,-3.374880218505859375e+01
2.372041320800781250e+01,-3.233713912963867188e+01
2.658035469055175781e+01,-3.595055007934570312e+01
7.421284675598144531e+00,-3.483237457275390625e+01
-1.995363998413085938e+01,3.626412200927734375e+01
-2.144536209106445312e+01,3.293279647827148438e+01
2.923175811767578125e+01,-3.909201431274414062e+01
4.690239715576171875e+01,-3.848159790039062500e+01
2.003718757629394531e+01,-3.819054031372070312e+01
1.997224617004394531e+01,-3.908298492431640625e+01
1.328542351722717285e+00,-5.054389953613281250e+01
4.514365005493164062e+01,-4.289302444458007812e+01
1.611504173278808594e+01,-2.087575149536132812e+01
2.058508682250976562e+01,-3.210153961181640625e+01
4.622776031494140625e+01,-3.514287567138671875e+01
2.803022766113281250e+01,-5.558251953125000000e+01
3.323627090454101562e+01,-4.109448623657226562e+01
5.024442672729492188e+01,-3.050561332702636719e+01
8.609885573387145996e-01,-4.452651596069335938e+01
8.006349563598632812e+00,-1.273676109313964844e+01
1.861788558959960938e+01,-2.514135169982910156e+01
-3.604090881347656250e+01,3.461117172241210938e+01
-4.033576488494873047e+00,-4.466582489013671875e+01
-3.485052347183227539e+00,4.145321655273437500e+01
1.233691692352294922e+01,-4.964371109008789062e+01
5.078498363494873047e+00,-3.260683441162109375e+01
4.716626358032226562e+01,-3.491963195800781250e+01
4.017433929443359375e+01,-4.104741287231445312e+01
-2.492692947387695312e+01,3.376814270019531250e+01
3.344207763671875000e+01,-9.924407958984375000e+00
-2.986578178405761719e+01,3.510301589965820312e+01
8.675351142883300781e+00,3.786170196533203125e+01
-8.993584632873535156e+00,-3.947566223144531250e+01
8.304221034049987793e-01,-4.925516891479492188e+01
2.337317466735839844e+01,-4.390028762817382812e+01
2.994048690795898438e+01,-2.761992073059082031e+01
-9.342818260192871094e+00,-4.283001327514648438e+01
-1.659672737121582031e+01,8.045237541198730469e+00
-3.621737670898437500e+01,4.118242645263671875e+01
2.321076393127441406e+00,2.557776641845703125e+01
-5.569745540618896484e+00,3.301150131225585938e+01
-7.855806827545166016e+00,4.288517761230468750e+01
-1.070659542083740234e+01,4.864215087890625000e+01
5.300454616546630859e+00,2.801439285278320312e+01
1.090153884887695312e+01,1.276224899291992188e+01
-1.389680290222167969e+01,4.449070739746093750e+01
2.290731620788574219e+01,-3.799143600463867188e+01
-1.490492630004882812e+01,2.468577575683593750e+01
-3.235073089599609375e+01,4.643320465087890625e+01
-1.915353012084960938e+01,3.972669982910156250e+01
2.668504142761230469e+01,-5.428019332885742188e+01
-1.995849609375000000e+01,4.068319320678710938e+01
4.520538330078125000e+00,2.667250442504882812e+01
-1.751905798912048340e+00,8.960220813751220703e-01
3.026132822036743164e+00,-2.384522628784179688e+01
-8.670727729797363281e+00,4.765490722656250000e+01
-3.911761093139648438e+01,2.820841598510742188e+01
-2.912887573242187500e+01,4.012539291381835938e+01
-4.898677349090576172e+00,3.401921081542968750e+01
-1.408011341094970703e+01,3.851295089721679688e+01
-3.995574569702148438e+01,4.037641525268554688e+01
1.490280246734619141e+01,3.017133712768554688e+01
3.814752960205078125e+01,-4.157202529907226562e+01
7.534683227539062500e+00,2.162861633300781250e+01
-1.628494453430175781e+01,-2.350331306457519531e+01
2.750810813903808594e+01,-3.836872100830078125e+01
2.253024291992187500e+01,-3.511171722412109375e+01
-7.554190635681152344e+00,3.910344696044921875e+01
4.164701461791992188e+00,8.220611572265625000e+00
3.574599456787109375e+01,-3.196633148193359375e+01
3.341060638427734375e+01,-2.700464439392089844e+01
3.227553176879882812e+01,-2.839710998535156250e+01
2.057815551757812500e+01,-3.578207015991210938e+01
2.804802513122558594e+01,-5.510064697265625000e+01
4.702777862548828125e+00,1.488448238372802734e+01
-1.199312686920166016e+01,1.473185253143310547e+01
3.787592315673828125e+01,-4.517979812622070312e+01
-1.905591583251953125e+01,1.116381835937500000e+01
-1.965929031372070312e+01,5.643437194824218750e+01
3.512626647949218750e+01,-2.837132072448730469e+01
5.889933109283447266e+00,1.590140438079833984e+01
-5.558768510818481445e-01,2.418812370300292969e+01
3.197886085510253906e+01,-4.918972015380859375e+01
-6.292147636413574219e+00,1.522814941406250000e+01
3.338932418823242188e+01,-2.846657371520996094e+01
4.913838863372802734e+00,2.312733650207519531e+01
2.584646034240722656e+01,-3.877645874023437500e+01
2.497273635864257812e+01,-3.839592361450195312e+01
2.360415649414062500e+01,-2.908508110046386719e+01
3.133794784545898438e+01,-2.773957252502441406e+01
2.143805503845214844e+01,-2.885575103759765625e+01
4.007887649536132812e+01,-4.406536865234375000e+01
3.491033172607421875e+01,-3.312413787841796875e+01
2.630908012390136719e+01,-3.515571212768554688e+01
3.297488021850585938e+01,-3.103153800964355469e+01
4.517525100708007812e+01,-3.984160232543945312e+01
3.404209136962890625e+01,-2.966912460327148438e+01
4.530800628662109375e+01,-3.966869354248046875e+01
-1.505386161804199219e+01,3.429553222656250000e+01
-1.343792057037353516e+01,3.720144653320312500e+01
-3.425869750976562500e+01,4.383504104614257812e+01
-3.353189849853515625e+01,4.425714111328125000e+01
-2.817223358154296875e+01,3.994745254516601562e+01
6.335750102996826172e+00,-3.658608627319335938e+01
-2.112048339843750000e+01,3.720122528076171875e+01
-2.735472488403320312e+01,3.899776840209960938e+01
-2.002033615112304688e+01,4.941689682006835938e+01
2.516030073165893555e-01,-3.800298690795898438e+01
-2.206324958801269531e+01,3.537963104248046875e+01
-3.475279998779296875e+01,3.674215698242187500e+01
-2.928615188598632812e+01,3.692433547973632812e+01
5.638834476470947266e+00,4.559447097778320312e+01
1.380297183990478516e+00,-2.247238159179687500e+01
-2.195038604736328125e+01,5.025336837768554688e+01
-4.166431808471679688e+01,3.443594741821289062e+01
-4.133752059936523438e+01,3.565934753417968750e+01
-8.273366928100585938e+00,-3.941826629638671875e+01
-3.119325447082519531e+01,1.720595741271972656e+01
9.702318191528320312e+00,4.108984756469726562e+01
7.368878841400146484e+00,-5.389477920532226562e+01
-5.162752151489257812e+00,1.436867618560791016e+01
4.931621551513671875e+01,-3.536592102050781250e+01
-1.898853874206542969e+01,3.458971405029296875e+01
1.076878070831298828e+00,-4.540441513061523438e+01
5.096618270874023438e+01,-2.805375862121582031e+01
-8.174916267395019531e+00,-4.006318283081054688e+01
-2.938642740249633789e+00,1.940507698059082031e+01
4.984774780273437500e+01,-2.899078750610351562e+01
-4.962631225585937500e+00,-3.422519302368164062e+01
7.326446533203125000e+00,-3.898149871826171875e+01
-3.003040313720703125e+01,5.434554290771484375e+01
9.204695701599121094e+00,4.295271301269531250e+01
1.571050739288330078e+01,-1.583196067810058594e+01
2.790089607238769531e+01,-4.936947250366210938e+01
5.083017349243164062e+01,-3.324702453613281250e+01
8.543055534362792969e+00,3.835287094116210938e+01
-1.092586898803710938e+01,2.390571975708007812e+01
-3.005041885375976562e+01,3.404194641113281250e+01
1.095181274414062500e+01,1.909841537475585938e+01
-3.365767288208007812e+01,4.548284912109375000e+01
-6.248104572296142578e+00,-4.219801330566406250e+01
-3.479260921478271484e+00,5.055506134033203125e+01
6.055005788803100586e-01,3.874318695068359375e+01
-2.494582939147949219e+01,3.114198875427246094e+01
1.091698932647705078e+01,-4.768594360351562500e+01
-2.661893272399902344e+01,5.167736053466796875e+01
-3.589276504516601562e+01,4.224590301513671875e+01
1.314004993438720703e+01,3.592664337158203125e+01
9.420691490173339844e+00,1.447049140930175781e+01
-1.483265113830566406e+01,5.169466781616210938e+01
-7.374271869659423828e+00,1.728445434570312500e+01
-1.654801750183105469e+01,4.594101715087890625e+01
-3.602778244018554688e+01,3.890681838989257812e+01
-1.174233794212341309e+00,-4.555529022216796875e+01
-2.648951148986816406e+01,3.111625862121582031e+01
5.076970100402832031e+00,4.184231567382812500e+01
9.351677894592285156e+00,-3.523178100585937500e+01
1.181101799011230469e+01,-3.653987121582031250e+01
-4.742579460144042969e+00,1.021988391876220703e+01
-5.092717647552490234e+00,4.908990478515625000e+01
3.310204696655273438e+01,-1.669467926025390625e+01
-1.861927795410156250e+01,4.622310638427734375e+01
4.566584587097167969e+00,-1.383394813537597656e+01
-1.951686859130859375e+01,4.623117828369140625e+01
-3.502645492553710938e+01,1.303728866577148438e+01
1.574244785308837891e+01,-3.991736221313476562e+01
4.878705501556396484e+00,-1.529145050048828125e+01
2.730129051208496094e+01,-5.194282913208007812e+01
-2.563740158081054688e+01,2.666652107238769531e+01
2.418492507934570312e+01,-2.087363243103027344e+01
2.157725715637207031e+01,-4.366139221191406250e+01
-3.967821300029754639e-01,4.937759017944335938e+01
-3.212897491455078125e+01,7.316265106201171875e+00
-4.370700454711914062e+01,2.628872108459472656e+01
-4.427809524536132812e+01,2.504001045227050781e+01
2.220762491226196289e+00,-5.351749801635742188e+01
-6.300105452537536621e-01,-1.530599892139434814e-01
-1.360417461395263672e+01,4.260221862792968750e+01
2.094207382202148438e+01,-2.080642700195312500e+01
-2.408621406555175781e+01,1.322645378112792969e+01
-1.584761142730712891e+01,4.291890716552734375e+01
6.872902870178222656e+00,4.523645019531250000e+01
5.094109058380126953e+00,2.488347434997558594e+01
-2.602762985229492188e+01,1.082280540466308594e+01
1.818864440917968750e+01,-3.640827560424804688e+01
7.651088237762451172e+00,4.397745895385742188e+01
1.806013733148574829e-01,2.647105598449707031e+01
-1.558543682098388672e+01,5.669975280761718750e+01
-1.473598718643188477e+00,2.634092521667480469e+01
-1.706789016723632812e+01,-2.000112152099609375e+01
2.205548477172851562e+01,-1.257133007049560547e+01
-8.140716552734375000e+00,2.231386375427246094e+01
-2.426201057434082031e+01,2.358697700500488281e+01
-1.684912490844726562e+01,-2.220817375183105469e+01
1.282106208801269531e+01,3.321508789062500000e+01
-1.190006256103515625e+00,3.180789566040039062e+01
-4.940565490722656250e+01,3.453342437744140625e+01
-2.267591285705566406e+01,1.536858201026916504e+00
-2.157578468322753906e+01,6.849908232688903809e-01
2.084043884277343750e+01,-1.883914184570312500e+01
3.601819992065429688e+01,-2.075814247131347656e+01
-1.289880275726318359e+01,2.093683242797851562e+01
-2.705757331848144531e+01,2.478478813171386719e+01
1.210024166107177734e+01,-3.853826522827148438e+01
1.353436660766601562e+01,-3.927180099487304688e+01
1.089326477050781250e+01,3.709514236450195312e+01
-1.270828056335449219e+01,5.894972324371337891e+00
3.917067718505859375e+01,-3.383521270751953125e+01
-3.218391418457031250e+01,4.787522125244140625e+01
2.211497688293457031e+01,-1.251165962219238281e+01
1.900464439392089844e+01,-2.762090873718261719e+01
7.550087451934814453e+00,-2.685675048828125000e+01
-2.014297866821289062e+01,4.507588577270507812e+01
1.701233100891113281e+01,-4.194929122924804688e+01
1.925665974617004395e+00,-2.447679901123046875e+01
8.852666854858398438e+00,-3.980963516235351562e+01
1.495161056518554688e+01,-2.439906311035156250e+01
5.654445648193359375e+00,-4.495837020874023438e+01
2.544306945800781250e+01,-2.699642372131347656e+01
-1.621364593505859375e+01,-2.206385612487792969e+01
3.107434272766113281e+01,-1.771675872802734375e+01
4.212232232093811035e-01,-4.782844543457031250e+01
-1.661619186401367188e+01,-2.178383827209472656e+01
-7.208604335784912109e+00,2.171469116210937500e+01
2.490087127685546875e+01,-4.460663223266601562e+01
-4.616081619262695312e+01,3.251268386840820312e+01
2.550829505920410156e+01,-8.487565994262695312e+00
-1.020983695983886719e+01,2.683128929138183594e+01
6.410078406333923340e-01,2.935129737854003906e+01
-5.008688735961914062e+01,3.503759765625000000e+01
8.639863967895507812e+00,-4.240902328491210938e+01
2.562203645706176758e+00,-2.454806900024414062e+01
-1.337855529785156250e+01,5.579842090606689453e+00
-2.229716682434082031e+01,2.372065162658691406e+01
4.883877944946289062e+01,-2.774048042297363281e+01
1.262657642364501953e+01,-3.784052658081054688e+01
4.268021011352539062e+01,-4.542580795288085938e+01
3.747659206390380859e+00,-2.517370223999023438e+01
-8.298557281494140625e+00,-4.350067901611328125e+01
1.716496658325195312e+01,-3.714136123657226562e+01
3.756411743164062500e+01,-2.448063659667968750e+01
-1.097660303115844727e+00,3.338284301757812500e+01
3.931273651123046875e+01,-3.511023330688476562e+01
-4.369745254516601562e-01,-3.882522583007812500e+01
-6.431947708129882812e+00,-2.937912940979003906e+01
1.282132911682128906e+01,3.321533584594726562e+01
1.794441795349121094e+01,-3.116082572937011719e+01
2.486996269226074219e+01,-4.750531387329101562e+01
-4.917542266845703125e+01,3.500865173339843750e+01
1.701233100891113281e+01,-4.194929122924804688e+01
-1.896846580505371094e+01,5.053282546997070312e+01
-3.552093505859375000e+01,4.685608291625976562e+01
3.092136573791503906e+01,-2.953563117980957031e+01
3.074295234680175781e+01,-1.520930099487304688e+01
-2.382814025878906250e+01,2.411218833923339844e+01
2.012435531616210938e+01,-2.381723785400390625e+01
2.099932670593261719e+01,-3.000151824951171875e+01
-3.544115066528320312e+01,2.022157669067382812e+01
1.640059089660644531e+01,-3.694687271118164062e+01
-2.149283981323242188e+01,4.723405456542968750e+01
-2.500772476196289062e+01,4.742328643798828125e+01
3.904552078247070312e+01,-1.361688423156738281e+01
3.456478881835937500e+01,-1.457801055908203125e+01
3.756398391723632812e+01,-2.448490142822265625e+01
2.822814369201660156e+01,-1.462345695495605469e+01
-6.395164012908935547e+00,-4.788633728027343750e+01
-2.657835578918457031e+01,4.897381210327148438e+01
-4.319025039672851562e+00,4.829520416259765625e+01
2.163117408752441406e+01,-3.186224937438964844e+01
2.870427322387695312e+01,-4.738204574584960938e+01
2.647403526306152344e+01,-1.741824531555175781e+01
2.648514938354492188e+01,-1.976970100402832031e+01
1.429683685302734375e+01,-4.008044052124023438e+01
-2.443725585937500000e+01,2.401087379455566406e+01
-2.289397811889648438e+01,3.784317016601562500e+01
2.822987174987792969e+01,-1.462286949157714844e+01
4.721849441528320312e+00,-5.012841796875000000e+01
3.336460876464843750e+01,-3.926116180419921875e+01
-2.891490936279296875e+01,4.383938980102539062e+01
-1.573300600051879883e+00,4.999398422241210938e+01
7.204994201660156250e+00,-1.549767398834228516e+01
1.376447391510009766e+01,-3.195559692382812500e+01
1.499774932861328125e+01,-4.747351074218750000e+01
-1.339899253845214844e+01,2.810320663452148438e+01
1.496961688995361328e+01,-1.735952949523925781e+01
6.486198425292968750e+00,-5.078348541259765625e+01
3.193948936462402344e+01,-4.497600936889648438e+01
1.052903461456298828e+01,-1.637694358825683594e+01
-1.999921226501464844e+01,-4.660984277725219727e-01
-3.167948007583618164e+00,-3.880049133300781250e+01
-4.932054901123046875e+01,3.287349319458007812e+01
-4.690227127075195312e+01,3.176267242431640625e+01
1.945324134826660156e+01,-3.437211227416992188e+01
2.514846801757812500e+01,-1.793021011352539062e+01
3.651753187179565430e+00,2.335039901733398438e+01
-2.193355941772460938e+01,5.252954864501953125e+01
-3.016505050659179688e+01,3.607970428466796875e+01
3.600074291229248047e+00,2.532211303710937500e+01
-5.409513473510742188e+00,1.655810928344726562e+01
3.868971633911132812e+01,-3.897607803344726562e+01
2.869837760925292969e+00,1.277455043792724609e+01
-4.177835941314697266e+00,3.301140975952148438e+01
-8.075038909912109375e+00,3.412024688720703125e+01
4.065021133422851562e+01,-4.286187744140625000e+01
3.288869094848632812e+01,-1.590223598480224609e+01
7.933059692382812500e+00,3.971458435058593750e+01
3.240098953247070312e+01,-1.465246295928955078e+01
1.493846130371093750e+01,-1.888960456848144531e+01
1.349626350402832031e+01,-1.827663040161132812e+01
2.846358489990234375e+01,-4.567634201049804688e+01
-3.137707710266113281e+00,-3.388780975341796875e+01
1.884111022949218750e+01,-4.767156982421875000e+01
1.031081676483154297e+01,-3.503450393676757812e+01
-3.107765007019042969e+01,3.964909362792968750e+01
-4.673333168029785156e+00,-3.484910583496093750e+01
6.172643184661865234e+00,1.856567764282226562e+01
4.068354034423828125e+01,-4.726690673828125000e+01
-1.385780274868011475e-01,-3.607588195800781250e+01
3.099071884155273438e+01,-4.507192230224609375e+01
-8.429706573486328125e+00,3.622133255004882812e+01
-2.661273574829101562e+01,4.106426620483398438e+01
8.385739922523498535e-01,1.317758750915527344e+01
1.623997688293457031e+01,-4.397994995117187500e+01
1.107798814773559570e+00,1.269416141510009766e+01
-3.096335601806640625e+01,1.131105613708496094e+01
5.356485366821289062e+00,1.192287540435791016e+01
4.169791412353515625e+01,-4.763229751586914062e+01
6.692293643951416016e+00,2.390062904357910156e+01
3.583703231811523438e+01,-5.143220520019531250e+01
-3.338824462890625000e+01,9.123628616333007812e+00
-4.383490753173828125e+01,3.304145431518554688e+01
-1.048078727722167969e+01,2.279023551940917969e+01
2.251748847961425781e+01,-1.870514106750488281e+01
-2.299062919616699219e+01,5.357241058349609375e+01
-1.250274085998535156e+01,3.394815826416015625e+01
4.531464576721191406e+00,9.974811553955078125e+00
2.301457405090332031e+00,2.195001029968261719e+01
-3.859656906127929688e+01,1.693800544738769531e+01
4.113507461547851562e+01,-4.880066299438476562e+01
-3.213047790527343750e+01,1.748597717285156250e+01
-1.357886314392089844e+01,4.005460357666015625e+01
-4.697725677490234375e+01,3.105284309387207031e+01
-3.804574966430664062e+01,3.150617218017578125e+01
2.913727188110351562e+01,-5.509704589843750000e+01
5.412838935852050781e+00,9.551590919494628906e+00
-4.307518386840820312e+01,2.820874214172363281e+01
2.240218925476074219e+01,-1.633306312561035156e+01
-1.684274482727050781e+01,4.813870239257812500e+01
-1.390287971496582031e+01,2.958150482177734375e+01
-3.430471038818359375e+01,7.589391231536865234e+00
-3.824602127075195312e+01,3.613573455810546875e+01
1.179443550109863281e+01,-1.429627037048339844e+01
3.523045730590820312e+01,-1.209075641632080078e+01
-1.918703269958496094e+01,3.076514434814453125e+01
-1.697710800170898438e+01,4.733404159545898438e+01
1.517913246154785156e+01,3.111754798889160156e+01
-1.577138996124267578e+01,2.507660675048828125e+01
-3.429907226562500000e+01,7.304197788238525391e+00
3.279060363769531250e+01,-1.355939769744873047e+01
-1.756233406066894531e+01,4.864592361450195312e+01
9.648947715759277344e-01,2.505613327026367188e+01
-1.882542800903320312e+01,4.493181991577148438e+01
-1.836655426025390625e+01,5.785840225219726562e+01
-3.905733489990234375e+01,4.210977554321289062e+01
-4.280716419219970703e+00,4.595462799072265625e+01
-4.120165252685546875e+01,2.742247009277343750e+01
-2.077738380432128906e+01,5.111179733276367188e+01
-3.685134124755859375e+01,1.337416172027587891e+01
-1.990855979919433594e+01,1.275720405578613281e+01
2.472364425659179688e+01,-2.282802200317382812e+01
-2.359313774108886719e+01,3.037689018249511719e+01
-1.850398826599121094e+01,1.242619514465332031e+01
4.700138092041015625e+00,2.056270599365234375e+01
3.541186904907226562e+01,-4.368275070190429688e+01
-1.957049560546875000e+01,1.368958854675292969e+01
-6.156064033508300781e+00,-3.432106018066406250e+01
-2.203362083435058594e+01,8.347071647644042969e+00
-3.721424102783203125e+01,2.669949913024902344e+01
2.339950561523437500e+00,2.441238594055175781e+01
-4.018102264404296875e+01,3.061964797973632812e+01
-2.150600624084472656e+01,7.709701538085937500e+00
-4.129564285278320312e+01,2.569088745117187500e+01
1.375981044769287109e+01,3.087098312377929688e+01
2.987328338623046875e+01,-3.763890075683593750e+01
7.237854480743408203e+00,-4.465909957885742188e+01
-2.300279235839843750e+01,5.256825637817382812e+01
1.389703559875488281e+01,-2.550131988525390625e+01
4.939029693603515625e+01,-3.125238990783691406e+01
2.495081901550292969e+01,-5.231823348999023438e+01
3.707266998291015625e+01,-1.321482467651367188e+01
-3.377653884887695312e+01,4.937798309326171875e+01
-3.155043601989746094e+00,5.209044647216796875e+01
-3.727138137817382812e+01,4.214894485473632812e+01
2.118340110778808594e+01,-4.763442230224609375e+01
-2.744476509094238281e+01,4.350348663330078125e+01
1.486659717559814453e+01,-3.369176483154296875e+01
2.672938537597656250e+01,-3.809273529052734375e+01
2.847307395935058594e+01,-3.773937988281250000e+01
-2.925109624862670898e+00,-3.280413436889648438e+01
-3.825802230834960938e+01,3.925262832641601562e+01
9.434621810913085938e+00,4.556672668457031250e+01
2.396105194091796875e+01,-5.066380310058593750e+01
4.872543513774871826e-01,-4.689695739746093750e+01
7.921123504638671875e+00,-3.400254821777343750e+01
3.637507629394531250e+01,-2.697023963928222656e+01
-3.157941579818725586e+00,3.335526657104492188e+01
1.447672176361083984e+01,-3.651320648193359375e+01
4.724138641357421875e+01,-3.021405220031738281e+01
5.261000061035156250e+01,-2.936074829101562500e+01
3.130203247070312500e+00,-5.359449005126953125e+01
2.086191177368164062e+00,-4.957130050659179688e+01
3.840979933738708496e-01,-2.412981986999511719e+01
2.448644256591796875e+01,-1.596729660034179688e+01
8.739302635192871094e+00,-5.099464797973632812e+01
6.441950798034667969e+00,4.865052413940429688e+01
-3.923038864135742188e+01,3.929619598388671875e+01
4.617557144165039062e+01,-3.021850204467773438e+01
3.309030914306640625e+01,-4.507622146606445312e+01
-5.782005310058593750e+00,3.499803924560546875e+01
-3.163775825500488281e+01,1.354024410247802734e+01
2.900650596618652344e+01,-3.240248870849609375e+01
1.068514347076416016e+01,1.571293354034423828e+01
1.446438282728195190e-01,-3.941961288452148438e+01
3.090713882446289062e+01,-4.955280685424804688e+01
-1.506106472015380859e+01,4.321366119384765625e+01
4.440887928009033203e+00,-4.598967742919921875e+01
5.064959716796875000e+01,-2.706492233276367188e+01
3.446860885620117188e+01,-3.217785263061523438e+01
-3.257027053833007812e+01,7.936577320098876953e+00
-1.563237476348876953e+01,5.077083587646484375e+01
-3.674763488769531250e+01,9.482260704040527344e+00
1.069464111328125000e+01,4.120173645019531250e+01
-3.729162979125976562e+01,1.394521331787109375e+01
1.281224632263183594e+01,-3.442108154296875000e+01
3.881141662597656250e+01,-1.939525794982910156e+01
4.164575576782226562e+01,-4.154874038696289062e+01
2.245876693725585938e+01,-3.053758239746093750e+01
7.271055698394775391e+00,-5.218358993530273438e+01
-1.748128890991210938e+01,9.827628135681152344e+00
-1.279070663452148438e+01,1.215150070190429688e+01
4.984832763671875000e+01,-2.734218597412109375e+01
-2.685490036010742188e+01,3.543765640258789062e+01
9.824184417724609375e+00,1.409806919097900391e+01
1.089380550384521484e+01,-4.296090316772460938e+01
4.349960708618164062e+01,-4.747997665405273438e+01
3.775191545486450195e+00,1.708104133605957031e+01
-3.068545150756835938e+01,2.881770324707031250e+01
-1.355013251304626465e+00,1.749220275878906250e+01
6.052118301391601562e+00,-1.613168525695800781e+01
3.893984222412109375e+01,-1.240934658050537109e+01
-1.005433845520019531e+01,4.573773956298828125e+01
1.205590343475341797e+01,-3.378092575073242188e+01
4.086705207824707031e+00,2.226112174987792969e+01
-1.339136028289794922e+01,5.118764877319335938e+01
-1.593090248107910156e+01,4.821267700195312500e+01
-2.259853172302246094e+01,3.173131227493286133e+00
-5.789729118347167969e+00,4.224634552001953125e+01
6.442530155181884766e+00,1.991276168823242188e+01
3.370408248901367188e+01,-1.125268459320068359e+01
-8.917840719223022461e-01,-3.565332412719726562e+01
-2.899049568176269531e+01,7.801727771759033203e+00
3.520277023315429688e+00,-4.459039306640625000e+01
4.018357849121093750e+01,-4.236611938476562500e+01
-2.895867729187011719e+01,8.190297126770019531e+00
3.096935525536537170e-02,1.516046714782714844e+01
2.138931846618652344e+01,-2.516692352294921875e+01
7.752614974975585938e+00,2.301076698303222656e+01
-7.131803989410400391e+00,-3.814192962646484375e+01
-4.249542236328125000e+01,3.641171646118164062e+01
8.490358352661132812e+00,-5.238556671142578125e+01
5.756129264831542969e+00,-2.143801879882812500e+01
-3.530944442749023438e+01,1.011201477050781250e+01
2.286890029907226562e+00,-4.666607284545898438e+01
1.010662174224853516e+01,-2.104022026062011719e+01
-3.920048904418945312e+01,3.717222213745117188e+01
3.048390197753906250e+01,-4.406632614135742188e+01
2.516388893127441406e+01,-2.079404449462890625e+01
3.970370483398437500e+01,-4.624378967285156250e+01
1.158094024658203125e+01,1.563283920288085938e+01
1.115730667114257812e+01,1.699505615234375000e+01
1.542961883544921875e+01,-4.584832763671875000e+01
3.031296539306640625e+01,-3.381838989257812500e+01
-2.419751739501953125e+01,1.683296203613281250e+00
1.509289646148681641e+01,-3.829933929443359375e+01
2.484009170532226562e+01,-1.875318527221679688e+01
-8.739275932312011719e+00,1.603570175170898438e+01
3.557392501831054688e+01,-3.025631523132324219e+01
-3.747615432739257812e+01,3.997478866577148438e+01
-2.639069747924804688e+01,9.290234565734863281e+00
-3.788954544067382812e+01,2.629327201843261719e+01
9.331074714660644531e+00,-4.536764907836914062e+01
-1.010645866394042969e+01,3.640243530273437500e+01
-3.877765274047851562e+01,3.998913574218750000e+01
1.669577598571777344e+01,-1.819799041748046875e+01
1.712873649597167969e+01,-2.074728393554687500e+01
4.146762847900390625e+00,-2.418719291687011719e+01
-3.033429145812988281e+01,5.464421463012695312e+01
1.533944511413574219e+01,-2.140568733215332031e+01
3.975093841552734375e+01,-3.614378356933593750e+01
3.161599540710449219e+01,-1.680747032165527344e+01
3.996125411987304688e+01,-3.845157623291015625e+01
4.507251739501953125e+00,-1.272054386138916016e+01
-2.510277938842773438e+01,5.562191772460937500e+01
1.672088241577148438e+01,-3.824200439453125000e+01
-3.727530670166015625e+01,3.092225265502929688e+01
-3.824928283691406250e+01,1.561739349365234375e+01
2.958020019531250000e+01,-3.286268234252929688e+01
1.105105018615722656e+01,-3.790476989746093750e+01
3.813908767700195312e+01,-4.263152694702148438e+01
-2.669019699096679688e+01,5.170935058593750000e+01
-3.903357315063476562e+01,1.544766139984130859e+01
3.323036956787109375e+01,-1.859160614013671875e+01
-1.451959896087646484e+01,3.288596725463867188e+01
3.181221771240234375e+01,-4.199573898315429688e+01
-4.510443687438964844e+00,-4.855527877807617188e+01
3.280347442626953125e+01,-4.339670562744140625e+01
3.266201782226562500e+01,-4.115756225585937500e+01
-8.932800292968750000e+00,3.793296432495117188e+01
1.218071937561035156e+00,4.231126403808593750e+01
2.620183944702148438e+00,-2.311694526672363281e+01
1.322985267639160156e+01,-1.570619106292724609e+01
1.208821296691894531e+01,-2.047191429138183594e+01
4.425827503204345703e+00,-2.226940917968750000e+01
-1.763339042663574219e+01,3.695091247558593750e+01
3.279343032836914062e+01,-4.745702362060546875e+01
-4.240897750854492188e+01,2.535508155822753906e+01
2.254028511047363281e+01,-4.998040390014648438e+01
3.882179260253906250e+01,-1.888056373596191406e+01
4.194676589965820312e+01,-4.375755310058593750e+01
3.745527648925781250e+01,-3.078289031982421875e+01
-8.623704910278320312e+00,3.570108413696289062e+01
-1.319378185272216797e+01,2.427761077880859375e+01
-2.610590171813964844e+01,1.235442161560058594e+01
-2.178059387207031250e+01,3.692953586578369141e+00
-2.780549430847167969e+01,3.477525711059570312e+01
-3.523251342773437500e+01,4.409692764282226562e+01
3.473596954345703125e+01,-4.337797164916992188e+01
-5.519353151321411133e-01,-4.170564270019531250e+01
7.342526435852050781e+00,1.066641426086425781e+01
-3.715476608276367188e+01,2.958259773254394531e+01
-2.159711074829101562e+01,1.318549728393554688e+01
-1.779693984985351562e+01,1.250761699676513672e+01
2.543164253234863281e+00,1.712405014038085938e+01
1.695192456245422363e+00,1.744599914550781250e+01
-6.693112373352050781e+00,2.435170173645019531e+01
4.107621765136718750e+01,-3.598405838012695312e+01
-2.174311828613281250e+01,1.101613712310791016e+01
4.020042800903320312e+01,-3.964356994628906250e+01
2.797789955139160156e+01,-4.263594436645507812e+01
8.744799613952636719e+00,-4.769963073730468750e+01
5.243475341796875000e+01,-2.694372177124023438e+01
-9.239470481872558594e+00,-3.608740615844726562e+01
-2.209022521972656250e+00,-3.104396057128906250e+01
9.735750198364257812e+00,3.914295959472656250e+01
9.635344505310058594e+00,-1.870017051696777344e+01
4.192013740539550781e+00,-4.427356338500976562e+01
4.875731658935546875e+01,-3.340312194824218750e+01
2.715604543685913086e+00,-2.832020950317382812e+01
4.117375564575195312e+01,-4.507350921630859375e+01
2.697228240966796875e+01,-3.161482048034667969e+01
5.367401123046875000e+01,-2.719533157348632812e+01
2.205921411514282227e+00,-4.598562240600585938e+01
-2.355901002883911133e+00,-3.612468338012695312e+01
-1.287424850463867188e+01,2.202059364318847656e+01
-1.266229915618896484e+01,2.941837692260742188e+01
1.744873237609863281e+01,-2.438648414611816406e+01
4.775634288787841797e+00,-1.145285415649414062e+01
1.185228729248046875e+01,-4.714402008056640625e+01
-1.197265148162841797e+01,2.520208930969238281e+01
-1.662069511413574219e+01,1.064052677154541016e+01
-7.002509117126464844e+00,-4.353131484985351562e+01
-6.436659812927246094e+00,-2.936501884460449219e+01
5.664930343627929688e+00,3.891018295288085938e+01
6.247346401214599609e+00,-2.638397598266601562e+01
3.525466156005859375e+01,-3.085950279235839844e+01
3.686309432983398438e+01,-2.974240684509277344e+01
-1.484182453155517578e+01,1.029139423370361328e+01
-2.084573173522949219e+01,1.697374343872070312e+00
2.805170822143554688e+01,-4.191231155395507812e+01
-2.997825241088867188e+01,1.631892585754394531e+01
-1.659539985656738281e+01,3.828267288208007812e+01
2.927756881713867188e+01,-1.412861537933349609e+01
