-1.423074493408203125e+02,-7.913588047027587891e+00,-3.094751586914062500e+02
-4.511648559570312500e+01,9.490760040283203125e+01,-3.213462829589843750e+02
-1.271729660034179688e+02,7.070654296875000000e+01,-3.182074890136718750e+02
-1.000187759399414062e+02,9.784132385253906250e+01,-3.441837158203125000e+02
-8.452235412597656250e+01,1.107331008911132812e+02,-2.987787170410156250e+02
-6.828282928466796875e+01,1.195989227294921875e+02,-3.818699340820312500e+02
-1.320016632080078125e+02,5.046951675415039062e+01,-3.536064147949218750e+02
-4.531074142456054688e+01,1.199067459106445312e+02,-2.873467102050781250e+02
-5.564245223999023438e+01,1.331327056884765625e+02,-3.146691589355468750e+02
-1.712682914733886719e+01,1.238592300415039062e+02,-3.163368530273437500e+02
-1.263053970336914062e+02,-2.703258752822875977e+00,-3.508814392089843750e+02
-7.016484069824218750e+01,9.030651855468750000e+01,-2.816316223144531250e+02
-1.025578918457031250e+02,7.918966674804687500e+01,-3.800466003417968750e+02
-2.229839134216308594e+01,1.491336975097656250e+02,-2.987920837402343750e+02
-1.306335754394531250e+02,9.371780395507812500e+01,-3.582752380371093750e+02
-5.521772003173828125e+01,1.002074813842773438e+02,-3.964342956542968750e+02
-3.295659637451171875e+01,1.268640213012695312e+02,-2.339952697753906250e+02
-5.092628860473632812e+01,1.425482025146484375e+02,2.997089538574218750e+02
-9.894297790527343750e+01,2.454581832885742188e+01,-3.763520202636718750e+02
-7.428190612792968750e+01,5.357634353637695312e+01,-3.114234924316406250e+02
-9.797372436523437500e+01,5.372861480712890625e+01,-3.460491943359375000e+02
-1.161108093261718750e+02,3.725231933593750000e+01,-3.139488830566406250e+02
-5.464967346191406250e+01,4.537653350830078125e+01,-3.988601074218750000e+02
-7.314396667480468750e+01,3.000101280212402344e+01,-4.151942138671875000e+02
-8.801163482666015625e+01,-5.611008167266845703e+00,-3.781661071777343750e+02
-1.036321640014648438e+02,-2.166592597961425781e+01,-3.368126525878906250e+02
-8.475460052490234375e+01,1.532034587860107422e+01,-3.338756713867187500e+02
-6.439059448242187500e+01,3.375204467773437500e+01,-3.498877868652343750e+02
-6.143648624420166016e+00,9.435677337646484375e+01,-2.768218078613281250e+02
1.313623199462890625e+02,-7.654816436767578125e+01,-3.503287048339843750e+02
-4.693529510498046875e+01,3.758669662475585938e+01,-3.159028930664062500e+02
-9.765407562255859375e+00,1.398947448730468750e+02,-2.342987213134765625e+02
1.589776802062988281e+01,1.188361816406250000e+02,-3.627724914550781250e+02
-5.311973190307617188e+01,5.473810195922851562e+00,-3.719790344238281250e+02
2.293556022644042969e+01,9.705979156494140625e+01,-3.761500854492187500e+02
-5.994178771972656250e+01,-1.591611385345458984e+01,-3.492937622070312500e+02
-4.252586364746093750e+01,-2.598164370283484459e-03,7.576005554199218750e+01
-6.018063735961914062e+01,-4.834571361541748047e+00,-3.080202941894531250e+02
2.176389122009277344e+01,8.336711120605468750e+01,-3.327947387695312500e+02
-7.436666870117187500e+01,-4.316088867187500000e+01,-3.934003906250000000e+02
-2.405142211914062500e+01,9.122833251953125000e+00,-3.346925659179687500e+02
-1.058423328399658203e+01,4.320807266235351562e+01,-3.388891296386718750e+02
4.257897949218750000e+01,1.330031280517578125e+02,-2.868754272460937500e+02
-3.130842018127441406e+01,3.274126815795898438e+01,-2.524651336669921875e+02
6.541508483886718750e+01,1.117481384277343750e+02,-2.779964904785156250e+02
-1.477746963500976562e+01,3.369358825683593750e+01,-2.903404541015625000e+02
-2.645891761779785156e+01,-1.924973011016845703e+00,-2.940283508300781250e+02
2.122239875793457031e+01,1.994704437255859375e+01,-3.532145080566406250e+02
5.906952857971191406e+00,6.698147296905517578e+00,-3.108189392089843750e+02
2.802852630615234375e+01,4.720528793334960938e+01,-3.022185668945312500e+02
-1.165227890014648438e+01,-2.195529937744140625e+01,-3.122353820800781250e+02
-3.410535812377929688e+01,-5.008957290649414062e+01,-2.727056884765625000e+02
-1.746850395202636719e+01,-2.035157394409179688e+01,-3.865502014160156250e+02
-6.330928802490234375e+01,-7.928240966796875000e+01,-3.122577514648437500e+02
1.808186035156250000e+02,2.034444427490234375e+02,2.446702117919921875e+02
-1.799406051635742188e+01,-3.635333633422851562e+01,-3.613300476074218750e+02
6.846952056884765625e+01,4.098472976684570312e+01,-2.947978515625000000e+02
2.080934753417968750e+02,2.177855072021484375e+02,1.927333526611328125e+02
5.797874450683593750e+01,1.383511924743652344e+01,-3.300502014160156250e+02
-4.781447219848632812e+01,-6.512415313720703125e+01,-3.800013427734375000e+02
6.100263977050781250e+01,7.817458343505859375e+01,-3.013914794921875000e+02
7.283395385742187500e+01,6.410544586181640625e+01,-3.361543579101562500e+02
-9.286445617675781250e+01,5.601262092590332031e+00,8.796902465820312500e+01
7.639324951171875000e+01,-7.615618133544921875e+01,-3.229890747070312500e+02
6.931224822998046875e+01,1.009984054565429688e+02,-3.290732727050781250e+02
9.973115539550781250e+01,8.327818298339843750e+01,-3.087511901855468750e+02
5.299587631225585938e+01,6.099162292480468750e+01,-2.624301757812500000e+02
-1.662720489501953125e+01,-6.342881011962890625e+01,-3.277988891601562500e+02
-1.336005401611328125e+01,-7.127067565917968750e+01,-2.847797851562500000e+02
4.228944015502929688e+01,-2.920531082153320312e+01,-3.444096374511718750e+02
4.317673206329345703e+00,-1.581414794921875000e+01,-2.623957519531250000e+02
4.270469284057617188e+01,-3.042908668518066406e+01,-2.967630004882812500e+02
2.401507759094238281e+01,-5.723844146728515625e+01,-3.161631164550781250e+02
1.794795989990234375e+02,2.146657714843750000e+02,-2.334034729003906250e+02
1.511457443237304688e+01,-5.053124618530273438e+01,-3.893071289062500000e+02
-1.302629375457763672e+01,-9.142392730712890625e+01,-3.601339111328125000e+02
-1.730782470703125000e+02,1.039067230224609375e+02,9.832447052001953125e+01
3.700088882446289062e+01,-3.773800849914550781e+00,-2.663268127441406250e+02
1.211042022705078125e+01,-1.012311248779296875e+02,-3.123890380859375000e+02
2.867730379104614258e+00,6.460087776184082031e+00,-2.116469116210937500e+02
2.730011749267578125e+01,-4.844373321533203125e+01,-2.607142944335937500e+02
-3.166552734375000000e+02,-1.061985961914062500e+03,-1.170610473632812500e+03
7.944255065917968750e+01,-1.368424892425537109e+01,-3.338716430664062500e+02
1.344003601074218750e+02,8.465074157714843750e+01,-2.830097351074218750e+02
4.023763656616210938e+01,-7.411673736572265625e+01,-2.861099243164062500e+02
-1.827411804199218750e+02,-3.853980407714843750e+02,-1.611967010498046875e+02
1.964553070068359375e+01,-1.500238342285156250e+02,-2.085545806884765625e+02
1.249012069702148438e+02,4.436289978027343750e+01,-3.147711486816406250e+02
3.694252319335937500e+02,4.984207763671875000e+02,1.006381896972656250e+03
-2.296375751495361328e+00,-9.133683776855468750e+01,-2.633340454101562500e+02
1.049013900756835938e+02,4.505704498291015625e+01,-2.693582763671875000e+02
7.386103057861328125e+01,-2.775817680358886719e+01,-2.546320495605468750e+02
4.251709365844726562e+01,-1.377070007324218750e+02,-2.659228515625000000e+02
2.155867099761962891e+00,-1.051953735351562500e+02,-2.197549591064453125e+02
-1.017374992370605469e+00,-6.601405334472656250e+01,-2.172673187255859375e+02
1.588253173828125000e+02,5.896274185180664062e+01,-3.298492736816406250e+02
7.172467803955078125e+01,-1.040525894165039062e+02,-2.493235015869140625e+02
7.534744262695312500e+01,-6.639207458496093750e+01,-2.591030578613281250e+02
-1.693414611816406250e+02,6.634970092773437500e+01,1.557398223876953125e+02
1.104222869873046875e+02,-2.349025756120681763e-01,-3.159709167480468750e+02
1.367339019775390625e+02,4.419944763183593750e+01,-2.502409667968750000e+02
-5.790771484375000000e+01,1.099296283721923828e+01,1.466882324218750000e+02
-3.227998688817024231e-02,-8.567375946044921875e+01,-1.914306793212890625e+02
1.445760955810546875e+02,1.525770473480224609e+01,-2.884164123535156250e+02
-1.110910415649414062e+02,6.154880523681640625e+01,2.134463195800781250e+02
1.535392303466796875e+02,1.022215042114257812e+02,-2.552122955322265625e+02
7.625937652587890625e+01,-4.649408340454101562e+01,-2.262026062011718750e+02
1.838346557617187500e+02,-9.367389678955078125e+01,-1.334322204589843750e+02
5.306304550170898438e+01,-8.024558258056640625e+01,-2.218240509033203125e+02
1.011983032226562500e+02,-7.466524505615234375e+01,-2.252366333007812500e+02
8.881643676757812500e+01,-1.327852935791015625e+02,-1.931332092285156250e+02
2.850464057922363281e+01,-4.380545043945312500e+01,-1.934550781250000000e+02
5.095540618896484375e+01,-1.533904113769531250e+02,-1.526126861572265625e+02
1.323545684814453125e+02,-5.601569366455078125e+01,-2.425341033935546875e+02
1.132930831909179688e+02,-3.026293754577636719e+01,-2.215319061279296875e+02
1.547376251220703125e+02,2.039796829223632812e+01,-2.220005493164062500e+02
1.741442260742187500e+02,5.263447952270507812e+01,-2.711148376464843750e+02
4.725900268554687500e+01,-1.075165863037109375e+02,-1.676586914062500000e+02
5.300822448730468750e+01,-1.208918304443359375e+02,-1.981328735351562500e+02
8.147406768798828125e+01,-8.718920898437500000e+01,-1.916779174804687500e+02
1.255095367431640625e+02,6.223270416259765625e+00,-2.560198364257812500e+02
1.306410827636718750e+02,-5.913088607788085938e+01,-2.014408264160156250e+02
9.100665283203125000e+01,1.149356141686439514e-01,-2.124864044189453125e+02
1.147386016845703125e+02,2.863029670715332031e+01,-2.165942535400390625e+02
7.109562683105468750e+01,-3.168776512145996094e+01,-1.891834564208984375e+02
1.867480621337890625e+02,1.147525310516357422e+00,-2.032717285156250000e+02
8.355455780029296875e+01,-1.175976867675781250e+02,-1.628441619873046875e+02
1.078629837036132812e+02,-1.375763702392578125e+02,-1.224745788574218750e+02
1.700864105224609375e+02,-1.360627651214599609e+01,-2.387316589355468750e+02
1.259985427856445312e+02,-9.039155578613281250e+01,-1.650716552734375000e+02
1.013018112182617188e+02,-5.495321655273437500e+01,-1.798182220458984375e+02
1.755737152099609375e+02,-1.686081504821777344e+01,-1.706926269531250000e+02
1.645894012451171875e+02,-6.061721038818359375e+01,-1.455741577148437500e+02
1.943994445800781250e+02,-3.785681152343750000e+01,-2.339396820068359375e+02
5.320700454711914062e+01,-6.752838134765625000e+01,-1.495215606689453125e+02
1.516688385009765625e+02,-1.031758117675781250e+01,-1.952780609130859375e+02
1.008610229492187500e+02,-3.874279499053955078e+00,-1.826126403808593750e+02
9.217082977294921875e+00,-5.683927536010742188e+01,-1.517546844482421875e+02
7.310826873779296875e+01,-1.143061828613281250e+02,-1.251836090087890625e+02
8.962184906005859375e+01,-7.668456268310546875e+01,-1.486144866943359375e+02
7.579295349121093750e+01,4.240293502807617188e+01,-1.874605865478515625e+02
3.311619949340820312e+01,-4.856227493286132812e+01,-1.193669509887695312e+02
1.108724365234375000e+02,-6.738910675048828125e+01,-1.240894622802734375e+02
1.736479949951171875e+02,-4.016976928710937500e+01,-2.027213745117187500e+02
8.946686553955078125e+01,-3.638486862182617188e+01,-1.435969543457031250e+02
7.980996704101562500e+01,1.201989936828613281e+01,-1.598400726318359375e+02
6.545599365234375000e+01,-7.840264892578125000e+01,-1.116615600585937500e+02
4.527079010009765625e+01,-8.616266632080078125e+01,-8.583251953125000000e+01
5.724161529541015625e+01,-1.033482456207275391e+01,-1.512346343994140625e+02
1.266070938110351562e+02,-1.630994415283203125e+01,-1.574236755371093750e+02
6.107434463500976562e+01,4.066827392578125000e+01,-1.456223602294921875e+02
4.552978515625000000e+01,-1.270037002563476562e+02,-9.380075073242187500e+01
6.957674407958984375e+01,-4.283493041992187500e+01,-1.175125427246093750e+02
2.778908920288085938e+01,-1.085336685180664062e+02,-1.184712295532226562e+02
6.360677719116210938e+01,1.055653610229492188e+02,-1.839660949707031250e+02
1.244292221069335938e+02,3.443120574951171875e+01,-1.426136474609375000e+02
2.211124229431152344e+01,-2.273670434951782227e+00,-8.594707489013671875e+01
1.055902404785156250e+02,-1.298265695571899414e+00,-1.278703765869140625e+02
5.540078353881835938e+01,1.379358520507812500e+02,-1.857435150146484375e+02
9.609001922607421875e+01,-2.086489295959472656e+01,-9.276063537597656250e+01
8.270800018310546875e+01,2.640125656127929688e+01,-1.063751831054687500e+02
8.183869171142578125e+01,7.822188568115234375e+01,-1.516065368652343750e+02
5.539549636840820312e+01,7.579175472259521484e+00,-9.131443786621093750e+01
5.863681793212890625e+01,1.030802383422851562e+02,-1.276229705810546875e+02
7.266486358642578125e+01,7.350847625732421875e+01,-1.104549865722656250e+02
4.864899444580078125e+01,1.336580963134765625e+02,-1.128515167236328125e+02
8.199604797363281250e+01,-6.156423187255859375e+01,-7.697851562500000000e+01
1.441108551025390625e+02,1.305369110107421875e+02,-1.779280090332031250e+02
1.010287628173828125e+02,-9.501363372802734375e+01,-8.100391387939453125e+01
9.896170043945312500e+01,1.189627151489257812e+02,-1.898075103759765625e+02
1.160450286865234375e+02,7.174511718750000000e+01,-1.058414001464843750e+02
9.427320098876953125e+01,1.070484085083007812e+02,-1.496387329101562500e+02
9.028565979003906250e+01,1.085703811645507812e+02,-1.092756805419921875e+02
8.173048400878906250e+01,1.506764526367187500e+02,-1.260486679077148438e+02
9.974526214599609375e+01,1.470704956054687500e+02,-1.520648956298828125e+02
4.967880630493164062e+01,1.358023681640625000e+02,-1.425487060546875000e+02
4.222042846679687500e+01,2.397853851318359375e+00,-5.468025970458984375e+01
1.537698059082031250e+02,7.479788208007812500e+01,-1.442948455810546875e+02
3.583017730712890625e+01,3.089158248901367188e+01,-6.906097412109375000e+01
1.034729843139648438e+02,9.963825225830078125e+01,-7.288689422607421875e+01
3.501292037963867188e+01,8.527758789062500000e+01,-9.624811553955078125e+01
8.578023529052734375e+01,6.392062377929687500e+01,-6.906049346923828125e+01
6.771918487548828125e+01,2.762832641601562500e+01,-5.512296295166015625e+01
1.632956542968750000e+02,1.126684036254882812e+02,-1.434422302246093750e+02
1.111351318359375000e+02,4.407955551147460938e+01,-6.609238433837890625e+01
1.287630615234375000e+02,-3.252827835083007812e+01,-6.843611907958984375e+01
9.113285827636718750e+01,-3.166866064071655273e+00,-4.360973739624023438e+01
1.170937576293945312e+02,-3.038727188110351562e+01,-3.694927978515625000e+01
1.158320770263671875e+02,9.579164123535156250e+01,-2.698722076416015625e+01
1.133213119506835938e+02,1.678679809570312500e+02,-1.265866699218750000e+02
1.302152862548828125e+02,1.338194122314453125e+02,-2.913586807250976562e+01
1.150723876953125000e+02,1.844826049804687500e+02,-1.596963653564453125e+02
1.327079772949218750e+02,1.324308013916015625e+02,-1.142949371337890625e+02
1.180832901000976562e+02,1.409298095703125000e+02,-7.523691558837890625e+01
1.269282608032226562e+02,-9.027664947509765625e+01,-2.447038269042968750e+01
1.547177886962890625e+02,1.571596832275390625e+02,-1.949243164062500000e+02
1.517139129638671875e+02,1.623747253417968750e+02,-1.077133331298828125e+02
1.677829284667968750e+02,1.262925949096679688e+02,-1.048459091186523438e+02
1.362228088378906250e+02,1.046741333007812500e+02,-8.410501861572265625e+01
1.356661834716796875e+02,1.213631153106689453e+01,-6.223032760620117188e+01
1.247038574218750000e+02,1.342938613891601562e+01,-2.534123039245605469e+01
9.930079650878906250e+01,5.116265106201171875e+01,-2.565803527832031250e+00
1.515757446289062500e+02,9.125380706787109375e+01,-5.752240753173828125e+01
1.357638092041015625e+02,4.226995849609375000e+01,-1.109834289550781250e+01
1.581849822998046875e+02,-7.732745361328125000e+01,-2.789444351196289062e+01
1.688957366943359375e+02,1.202804031372070312e+02,-6.458105468750000000e+01
5.726021194458007812e+01,1.954829406738281250e+01,1.255643558502197266e+01
1.726099853515625000e+02,8.995179748535156250e+01,-9.331537628173828125e+01
1.553326568603515625e+02,-1.890155410766601562e+01,-2.502210044860839844e+01
1.356480712890625000e+02,1.113180313110351562e+02,2.933416128158569336e+00
1.564395446777343750e+02,2.213110733032226562e+01,-3.193018531799316406e+01
1.285693817138671875e+02,-4.822316741943359375e+01,-8.402873992919921875e+00
1.585874023437500000e+02,5.061302566528320312e+01,-4.550984191894531250e+01
1.704506835937500000e+02,9.537369537353515625e+01,-3.030550384521484375e+01
1.738089447021484375e+02,-1.411720371246337891e+01,3.762068939208984375e+01
2.085376586914062500e+02,1.179135513305664062e+02,-4.016526412963867188e+01
1.398157348632812500e+02,3.880901098251342773e+00,2.519221687316894531e+01
1.734852600097656250e+02,1.437286281585693359e+01,5.922155380249023438e+00
1.605080261230468750e+02,-8.443244934082031250e+01,2.837358283996582031e+01
1.829820098876953125e+02,-6.538806915283203125e+01,4.247748947143554688e+01
1.879015655517578125e+02,5.990113449096679688e+01,5.565075874328613281e-01
1.869186401367187500e+02,-5.155891418457031250e+01,-3.580874252319335938e+01
1.578551177978515625e+02,-3.847596740722656250e+01,1.364889621734619141e+01
2.008308410644531250e+02,7.022139739990234375e+01,-4.100194931030273438e+01
2.298802642822265625e+02,1.116750106811523438e+02,-7.304509735107421875e+01
1.987012176513671875e+02,9.988389968872070312e+00,-7.435466766357421875e+01
1.939249572753906250e+02,1.297885990142822266e+01,-3.821296310424804688e+01
2.361247253417968750e+02,1.287151489257812500e+02,-9.853791046142578125e+01
2.045094757080078125e+02,5.494297790527343750e+01,-7.747131347656250000e+01
7.584865570068359375e+01,-2.476781654357910156e+01,1.484946441650390625e+01
1.916889495849609375e+02,-2.961297225952148438e+01,-2.441763877868652344e+00
2.161060943603515625e+02,-1.613890838623046875e+01,-2.868685531616210938e+01
1.886143341064453125e+02,-6.464820098876953125e+01,3.338358998298645020e-01
2.302134094238281250e+02,4.420838546752929688e+01,2.826885986328125000e+01
2.208249206542968750e+02,3.494762420654296875e+01,-1.868933868408203125e+01
2.281580505371093750e+02,2.296136093139648438e+01,-5.473513793945312500e+01
2.356172637939453125e+02,5.986886978149414062e+01,-5.381883621215820312e+01
-6.613022613525390625e+01,-5.031615066528320312e+01,3.815500640869140625e+01
2.355809783935546875e+02,7.163097381591796875e+01,-1.894388389587402344e+01
2.185301361083984375e+02,-3.906406402587890625e+01,2.060509872436523438e+01
2.231935119628906250e+02,-5.010992050170898438e+01,-1.498907375335693359e+01
2.122604827880859375e+02,-9.047367095947265625e+01,-2.369129371643066406e+01
2.236290435791015625e+02,-4.491675376892089844e+00,5.473859310150146484e+00
2.487791748046875000e+02,-1.692179083824157715e+00,-6.816426086425781250e+01
2.213737945556640625e+02,-8.035379028320312500e+01,8.094676017761230469e+00
2.289764251708984375e+02,6.470436859130859375e+01,-1.064724578857421875e+02
2.478584289550781250e+02,1.241644287109375000e+02,-5.959544658660888672e+00
2.480839538574218750e+02,3.142331504821777344e+01,-8.556617736816406250e+01
2.731846008300781250e+02,2.560840988159179688e+01,-4.900771713256835938e+01
2.596045837402343750e+02,4.534732055664062500e+01,-1.699097442626953125e+01
2.522939910888671875e+02,8.268764495849609375e+00,-2.679726028442382812e+01
-5.625440216064453125e+01,-6.337604522705078125e+01,4.511346435546875000e+01
-4.777222061157226562e+01,-1.122534027099609375e+02,-1.251006774902343750e+02
2.875982666015625000e+02,5.545502090454101562e+01,-7.732357025146484375e+01
2.856651306152343750e+02,9.499542999267578125e+01,-9.303329467773437500e+01
2.958079223632812500e+02,1.375915374755859375e+02,-7.335480499267578125e+01
2.729690246582031250e+02,-1.357877635955810547e+01,1.509083461761474609e+01
2.649104309082031250e+02,-4.312469863891601562e+01,6.654265880584716797e+00
2.837221069335937500e+02,6.802014923095703125e+01,-2.804139518737792969e+01
2.967809753417968750e+02,3.588436508178710938e+01,-6.127578735351562500e+00
2.571846008300781250e+02,-8.408420562744140625e+01,2.063812255859375000e+01
2.859274291992187500e+02,-7.641280364990234375e+01,-3.335139989852905273e+00
2.941970825195312500e+02,1.073067092895507812e+02,-5.343635177612304688e+01
2.780502014160156250e+02,-3.881657409667968750e+01,-3.629560089111328125e+01
2.994779052734375000e+02,-3.142195129394531250e+01,-1.956375312805175781e+01
3.582757873535156250e+02,6.335380935668945312e+01,-8.572795867919921875e+01
3.328022155761718750e+02,7.697981262207031250e+01,-7.633054351806640625e+01
3.327194213867187500e+02,2.304010581970214844e+01,-4.691334533691406250e+01
3.326796569824218750e+02,1.456065464019775391e+01,-7.164427185058593750e+01
3.276098022460937500e+02,6.386303329467773438e+01,-1.186785888671875000e+02
3.370326843261718750e+02,9.016706085205078125e+01,-1.171362762451171875e+02
3.295532531738281250e+02,9.861310577392578125e+01,-2.541029548645019531e+01
3.380180053710937500e+02,1.167346420288085938e+02,-5.020513534545898438e+01
2.631981506347656250e+02,-8.790815734863281250e+01,6.803853607177734375e+01
2.873391113281250000e+02,-1.029312515258789062e+02,6.340048217773437500e+01
3.335392150878906250e+02,-2.078790855407714844e+01,1.516399288177490234e+01
3.183083190917968750e+02,-9.411417961120605469e+00,3.596670150756835938e+01
3.059767150878906250e+02,-5.205934524536132812e+01,4.345081329345703125e+01
3.265271301269531250e+02,-6.232886886596679688e+01,2.419329452514648438e+01
3.703013000488281250e+02,1.006603164672851562e+02,-6.288013839721679688e+01
3.888360595703125000e+02,7.817292785644531250e+01,-4.633967590332031250e+01
3.551653442382812500e+02,7.510726165771484375e+01,-3.966560363769531250e+01
3.707001342773437500e+02,1.033532409667968750e+02,-2.676985359191894531e+01
3.673862304687500000e+02,-4.250747680664062500e+01,-4.484266281127929688e+01
3.822519531250000000e+02,-2.407647323608398438e+01,-3.527495574951171875e+01
3.415714721679687500e+02,-4.130409240722656250e+01,5.513608932495117188e+01
3.373306274414062500e+02,-7.002729797363281250e+01,5.945812225341796875e+01
3.701554870605468750e+02,-3.026143264770507812e+01,1.013410415649414062e+02
2.919352722167968750e+01,-7.333258819580078125e+01,4.116518020629882812e+01
3.681589660644531250e+02,-6.281702423095703125e+01,1.188238601684570312e+02
3.703695068359375000e+02,-3.702257919311523438e+01,1.383521423339843750e+02
3.712426452636718750e+02,6.006686401367187500e+01,4.699729442596435547e+00
3.783144531250000000e+02,4.007844543457031250e+01,-1.238965225219726562e+01
2.786135253906250000e+02,-9.848249053955078125e+01,1.270898361206054688e+02
3.045057983398437500e+02,-9.771929168701171875e+01,1.403269958496093750e+02
3.188312377929687500e+02,-5.972978591918945312e+01,1.122711944580078125e+02
2.918751831054687500e+02,-5.778184509277343750e+01,9.577268981933593750e+01
3.558899230957031250e+02,6.673604965209960938e+00,1.192782440185546875e+02
3.619022521972656250e+02,1.147958087921142578e+01,9.142619323730468750e+01
4.095244750976562500e+02,-1.628239440917968750e+01,2.579546546936035156e+01
4.037508544921875000e+02,8.336609840393066406e+00,3.077462959289550781e+01
-1.141791229248046875e+02,-1.561737155914306641e+01,1.779323577880859375e+02
2.775484008789062500e+02,-4.901273727416992188e+01,1.327573394775390625e+02
3.250439758300781250e+02,4.643924331665039062e+01,1.182813949584960938e+02
3.180025939941406250e+02,3.858225250244140625e+01,9.232120513916015625e+01
3.132663574218750000e+02,-2.637865066528320312e+01,1.378574829101562500e+02
3.078964538574218750e+02,-4.877524566650390625e+01,1.606800842285156250e+02
2.679700622558593750e+02,-1.981515884399414062e+01,1.061676101684570312e+02
2.977858276367187500e+02,-1.343286609649658203e+01,1.026465759277343750e+02
3.781145324707031250e+02,4.701676177978515625e+01,1.412336578369140625e+02
3.827601623535156250e+02,5.408899688720703125e+01,1.153623886108398438e+02
3.326338806152343750e+02,-1.183935737609863281e+01,1.725820922851562500e+02
2.766720275878906250e+02,-1.304856586456298828e+01,1.524445953369140625e+02
3.117828063964843750e+02,1.112814865112304688e+02,6.601934814453125000e+01
3.290121765136718750e+02,9.270915222167968750e+01,6.027583312988281250e+01
3.120998840332031250e+02,1.092403125762939453e+01,1.651870269775390625e+02
2.773169250488281250e+02,3.163523864746093750e+01,1.223686981201171875e+02
2.802127075195312500e+02,4.868012237548828125e+01,1.480709381103515625e+02
2.753881225585937500e+02,7.579309844970703125e+01,1.017538528442382812e+02
2.818872985839843750e+02,8.854373931884765625e+01,1.280084228515625000e+02
2.978735046386718750e+02,-1.854067993164062500e+01,1.968378906250000000e+02
2.738098144531250000e+02,-3.831331634521484375e+01,1.878643951416015625e+02
2.455457153320312500e+02,5.885297393798828125e+01,1.280871124267578125e+02
2.401890411376953125e+02,3.612008285522460938e+01,1.071848907470703125e+02
2.468147888183593750e+02,2.380452919006347656e+01,1.505085449218750000e+02
2.357673187255859375e+02,1.032473907470703125e+02,1.177067337036132812e+02
2.094952850341796875e+02,8.791667175292968750e+01,1.197746810913085938e+02
2.389509124755859375e+02,-1.136670207977294922e+01,1.742549743652343750e+02
-1.236143035888671875e+02,-5.489747238159179688e+01,2.277069702148437500e+02
2.766643371582031250e+02,2.001462554931640625e+01,1.902924957275390625e+02
2.595345153808593750e+02,9.691271781921386719e-01,2.083169097900390625e+02
1.988314361572265625e+02,3.873934173583984375e+01,1.257913284301757812e+02
2.051847076416015625e+02,1.178801822662353516e+01,1.390350036621093750e+02
2.433414306640625000e+02,8.861096954345703125e+01,1.640225982666015625e+02
2.202203521728515625e+02,1.067334518432617188e+02,1.581917266845703125e+02
2.087735443115234375e+02,7.164803314208984375e+01,1.996902313232421875e+02
2.222669982910156250e+02,4.824549865722656250e+01,1.597547149658203125e+02
2.351792755126953125e+02,3.936166763305664062e+01,1.905659942626953125e+02
2.072399597167968750e+02,2.404064559936523438e+01,1.830401458740234375e+02
2.536557464599609375e+02,1.012889175415039062e+02,2.125509185791015625e+02
2.289351043701171875e+02,1.157928390502929688e+02,2.140081787109375000e+02
1.814550018310546875e+02,9.498430633544921875e+01,1.746885375976562500e+02
1.835550079345703125e+02,6.565254211425781250e+01,1.693930511474609375e+02
2.310525817871093750e+02,2.280235862731933594e+01,2.427424163818359375e+02
2.423649902343750000e+02,5.153835296630859375e+01,2.297950592041015625e+02
2.037413635253906250e+02,3.419092941284179688e+01,2.237943115234375000e+02
2.110573883056640625e+02,5.775476837158203125e+01,2.457412261962890625e+02
1.495549468994140625e+02,5.628641891479492188e+01,1.534783935546875000e+02
1.587546234130859375e+02,8.275897216796875000e+01,1.390453186035156250e+02
8.432964324951171875e+01,2.904711341857910156e+01,8.096643066406250000e+01
1.071489868164062500e+02,4.180723953247070312e+01,8.030672454833984375e+01
1.270842742919921875e+02,9.060730743408203125e+01,1.630322418212890625e+02
1.203083114624023438e+02,7.537977600097656250e+01,1.377388153076171875e+02
1.055406188964843750e+02,-4.059315490722656250e+01,1.016364593505859375e+02
8.239475250244140625e+01,-2.855840682983398438e+01,9.389490509033203125e+01
1.690302734375000000e+02,5.817264938354492188e+01,2.114730529785156250e+02
1.701804809570312500e+02,7.982247161865234375e+01,2.463893280029296875e+02
1.415978698730468750e+02,6.764389801025390625e+01,2.442729797363281250e+02
1.492557830810546875e+02,9.691256713867187500e+01,2.097311553955078125e+02
1.338918304443359375e+02,1.076721343994140625e+02,2.328222351074218750e+02
7.944455718994140625e+01,5.660739517211914062e+01,1.279118499755859375e+02
7.544328308105468750e+01,6.989601135253906250e+01,1.526157226562500000e+02
1.597846374511718750e+02,3.522537994384765625e+01,2.517654571533203125e+02
1.450709838867187500e+02,3.030425071716308594e+01,2.247569732666015625e+02
1.093835906982421875e+02,2.148197174072265625e+01,1.622033538818359375e+02
8.192378997802734375e+01,2.096602821350097656e+01,1.671950073242187500e+02
1.223192443847656250e+02,5.786758422851562500e+01,1.963945465087890625e+02
1.046970901489257812e+02,7.752037048339843750e+01,2.101301574707031250e+02
1.294080963134765625e+02,7.677419662475585938e+00,1.174928665161132812e+02
1.373542938232421875e+02,-1.280649471282958984e+01,1.353445587158203125e+02
7.987635040283203125e+01,4.645328521728515625e+01,2.057991638183593750e+02
1.008598480224609375e+02,2.882283210754394531e+01,2.177061614990234375e+02
4.368637084960937500e+01,-1.747071647644042969e+01,1.309247283935546875e+02
-1.076912918090820312e+02,-1.484104461669921875e+02,-1.720999603271484375e+02
8.691338348388671875e+01,-1.924409985542297363e+00,1.388154296875000000e+02
2.729890632629394531e+01,2.192976188659667969e+01,1.645386657714843750e+02
3.291388702392578125e+01,3.164539909362792969e+01,1.390690765380859375e+02
1.059000396728515625e+02,9.711288452148437500e+01,2.667784423828125000e+02
1.759949493408203125e+02,-2.809492683410644531e+01,2.354171295166015625e+02
5.678969955444335938e+01,5.095001220703125000e+00,3.792032775878906250e+02
1.001674575805664062e+02,-1.378876495361328125e+01,3.584821166992187500e+02
-2.459350738525390625e+02,2.211173400878906250e+02,-2.682598266601562500e+02
8.517297363281250000e+01,4.682165527343750000e+01,2.588136596679687500e+02
5.881244659423828125e+01,5.387520217895507812e+01,2.438667144775390625e+02
7.775897216796875000e+01,-2.597378730773925781e+01,1.801357879638671875e+02
1.010884857177734375e+02,-3.557969284057617188e+01,1.713707275390625000e+02
4.649738311767578125e+01,-3.942367172241210938e+01,3.871958618164062500e+02
2.104820060729980469e+01,-2.606026649475097656e+01,3.754298095703125000e+02
6.874666595458984375e+01,1.327083396911621094e+01,2.561200866699218750e+02
4.380669021606445312e+01,1.715197753906250000e+01,2.391275482177734375e+02
6.710899353027343750e+01,-4.205514907836914062e+01,3.449971618652343750e+02
-2.531438903808593750e+02,2.310315704345703125e+02,-2.193896026611328125e+02
9.823334503173828125e+01,2.118465995788574219e+01,3.166506652832031250e+02
7.880895233154296875e+01,3.361750793457031250e+01,3.317694702148437500e+02
2.605913734436035156e+01,4.555735778808593750e+01,2.654419860839843750e+02
5.043305969238281250e+01,4.476926422119140625e+01,2.844728393554687500e+02
6.487429809570312500e+01,-1.074974250793457031e+01,3.014829711914062500e+02
4.043159866333007812e+01,-1.019519901275634766e+01,2.841722717285156250e+02
3.096744918823242188e+01,-2.066622734069824219e+01,3.228955688476562500e+02
3.463962936401367188e+01,9.342064857482910156e+00,3.202883911132812500e+02
-2.272477388381958008e+00,-3.382724523544311523e+00,3.017258300781250000e+02
-1.068542957305908203e+01,1.676491546630859375e+01,2.794877624511718750e+02
-3.302740478515625000e+01,-1.542252445220947266e+01,3.293587646484375000e+02
-4.664368438720703125e+01,-1.172369956970214844e+01,3.038724975585937500e+02
1.739805603027343750e+01,-7.493878173828125000e+01,3.772272644042968750e+02
-2.534225006103515625e+02,2.864057006835937500e+02,-2.090034179687500000e+02
8.560482788085937500e+01,-3.384326171875000000e+01,2.494416503906250000e+02
1.000136470794677734e+01,-6.062658691406250000e+01,3.432500305175781250e+02
-2.038073883056640625e+02,2.810785827636718750e+02,-2.337029113769531250e+02
1.028211212158203125e+02,-5.918762969970703125e+01,2.890135192871093750e+02
-1.107768630981445312e+01,-1.485296630859375000e+01,2.721197814941406250e+02
9.970612525939941406e+00,-4.362484741210937500e+01,2.902617187500000000e+02
5.932237243652343750e+01,-5.339096069335937500e+01,2.908298950195312500e+02
-2.721598625183105469e+00,3.829358673095703125e+01,3.225508422851562500e+02
3.931751251220703125e+01,-6.077863311767578125e+01,2.670385437011718750e+02
-1.953511047363281250e+01,-6.123336791992187500e+01,3.011194763183593750e+02
2.522553253173828125e+01,-9.584082031250000000e+01,3.447948913574218750e+02
-1.246648979187011719e+01,-9.223477172851562500e+01,3.422912292480468750e+02
1.005630187988281250e+02,-1.069624633789062500e+02,3.047160644531250000e+02
3.244208526611328125e+01,-9.231497192382812500e+01,2.942652893066406250e+02
8.491046142578125000e+01,-8.866844940185546875e+01,2.527057647705078125e+02
1.397103271484375000e+02,-8.852603149414062500e+01,2.600194091796875000e+02
6.050525188446044922e+00,-7.731266021728515625e+01,2.670998840332031250e+02
-3.549702072143554688e+01,-5.570309829711914062e+01,2.449478759765625000e+02
2.071245193481445312e+01,-4.307162475585937500e+01,2.354275207519531250e+02
1.251832199096679688e+02,-4.916880035400390625e+01,2.640390319824218750e+02
1.429713134765625000e+02,-8.884843444824218750e+01,2.208538513183593750e+02
1.584225616455078125e+02,-1.170504150390625000e+02,2.734950866699218750e+02
-4.338098907470703125e+01,-8.812953948974609375e+01,2.603737487792968750e+02
-2.258751869201660156e+01,-7.075539398193359375e+01,1.630242309570312500e+02
-2.721832847595214844e+01,-7.474475097656250000e+01,2.003322753906250000e+02
-2.606200981140136719e+01,-4.594057464599609375e+01,1.932356872558593750e+02
5.267281055450439453e+00,-1.480244750976562500e+02,3.458012695312500000e+02
1.111132888793945312e+02,-5.158520126342773438e+01,2.249990692138671875e+02
7.968502807617187500e+01,-9.427696990966796875e+01,2.217008361816406250e+02
-1.935505867004394531e+01,-9.857995605468750000e+01,2.263531646728515625e+02
1.759526634216308594e+01,3.835736999511718750e+02,-2.930753517150878906e+01
-3.150957679748535156e+01,-1.300295715332031250e+02,3.104887084960937500e+02
3.827262496948242188e+01,-7.785283660888671875e+01,1.872601318359375000e+02
3.802968597412109375e+01,-1.177063980102539062e+02,2.685642395019531250e+02
-1.456811332702636719e+01,-1.698462524414062500e+02,3.228992919921875000e+02
4.449150466918945312e+01,-8.405676269531250000e+01,2.186526031494140625e+02
2.668984794616699219e+01,-1.770411376953125000e+02,2.934287109375000000e+02
1.911797332763671875e+01,-1.139565811157226562e+02,2.352058258056640625e+02
-4.941891479492187500e+01,-1.346288909912109375e+02,3.220745544433593750e+02
-5.921553802490234375e+01,-1.159047622680664062e+02,2.392173614501953125e+02
2.865955543518066406e+01,-1.553365325927734375e+02,2.611470947265625000e+02
1.065968704223632812e+02,-1.324991149902343750e+02,2.305864105224609375e+02
-4.770747661590576172e+00,-1.318664550781250000e+02,2.572237548828125000e+02
-1.622082710266113281e+01,-1.547182922363281250e+02,2.872764892578125000e+02
-4.021325302124023438e+01,-1.397205810546875000e+02,2.626665039062500000e+02
-2.156797790527343750e+01,-1.428594665527343750e+02,2.233388824462890625e+02
1.123684787750244141e+01,-1.157786865234375000e+02,1.854562225341796875e+02
-2.798381233215332031e+01,-1.295638885498046875e+02,1.838389739990234375e+02
7.984416961669921875e+01,-1.507126159667968750e+02,2.518843994140625000e+02
1.122052612304687500e+02,-1.024013595581054688e+02,1.942733612060546875e+02
4.986025238037109375e+01,-1.357732849121093750e+02,2.269731140136718750e+02
-3.603393173217773438e+01,-1.706979217529296875e+02,2.546107788085937500e+02
1.543156890869140625e+02,-1.086678009033203125e+02,1.956909484863281250e+02
1.734516754150390625e+02,-1.189403991699218750e+02,2.376506347656250000e+02
1.706975250244140625e+02,-1.515826263427734375e+02,2.410785980224609375e+02
1.173156356811523438e+01,-1.590982055664062500e+02,2.211041259765625000e+02
3.324012756347656250e+01,-1.437826385498046875e+02,1.959086151123046875e+02
8.572740936279296875e+01,-1.732720947265625000e+02,2.110640563964843750e+02
-6.706871986389160156e-01,-1.858683319091796875e+02,2.348482208251953125e+02
7.668685913085937500e+01,-1.446790466308593750e+02,1.897036132812500000e+02
4.863947677612304688e+01,-1.784562072753906250e+02,2.256379547119140625e+02
5.046619415283203125e+01,-1.224251251220703125e+02,1.592802734375000000e+02
5.626376342773437500e+01,-1.720190582275390625e+02,1.838236999511718750e+02
6.519101715087890625e+01,-1.042205200195312500e+02,1.184578781127929688e+02
9.799678802490234375e+01,-1.725625457763671875e+02,1.735938262939453125e+02
1.086230468750000000e+02,-1.411592254638671875e+02,1.066009521484375000e+02
6.941361999511718750e+01,-1.976380767822265625e+02,2.443028564453125000e+02
6.054880142211914062e+01,-1.531331481933593750e+02,1.522965545654296875e+02
-1.553210926055908203e+01,-2.240742797851562500e+02,2.299138793945312500e+02
9.337300872802734375e+01,-1.265875625610351562e+02,1.406682281494140625e+02
-4.698375320434570312e+01,-2.148015289306640625e+02,2.338916320800781250e+02
1.638470649719238281e+01,-1.692352447509765625e+02,1.752429809570312500e+02
2.535914421081542969e+01,-1.298448791503906250e+02,1.230580291748046875e+02
2.349675369262695312e+01,-2.026192932128906250e+02,1.881041259765625000e+02
2.494296836853027344e+01,-1.542461090087890625e+02,1.466924743652343750e+02
7.337867736816406250e+01,-1.500877838134765625e+02,1.153156738281250000e+02
3.072426414489746094e+01,-1.995983428955078125e+02,1.591600341796875000e+02
-1.740723037719726562e+01,-2.007147521972656250e+02,1.712862243652343750e+02
5.326588439941406250e+01,-2.477474060058593750e+02,1.989589843750000000e+02
1.076929244995117188e+02,-2.299729614257812500e+02,1.590554962158203125e+02
2.555596733093261719e+01,-2.431776580810546875e+02,2.399638366699218750e+02
6.541944885253906250e+01,-2.075889739990234375e+02,1.201286239624023438e+02
-6.350567245483398438e+01,-2.441289825439453125e+02,2.032107086181640625e+02
6.106302261352539062e+00,-2.230706787109375000e+02,1.516411895751953125e+02
-7.503794431686401367e-01,-1.986171722412109375e+02,1.307141265869140625e+02
6.636022186279296875e+01,-2.416430511474609375e+02,1.551281585693359375e+02
5.318294167518615723e-01,-2.901880493164062500e+02,1.717201080322265625e+02
1.610280036926269531e+01,-2.642602844238281250e+02,1.901487579345703125e+02
-4.430159091949462891e+00,-2.834606628417968750e+02,2.099440917968750000e+02
-3.141500091552734375e+01,-2.809585266113281250e+02,1.898148345947265625e+02
1.056103897094726562e+02,-2.734309387207031250e+02,1.094744338989257812e+02
6.176293849945068359e+00,-3.126779479980468750e+02,1.463509826660156250e+02
6.464133453369140625e+01,-1.712326354980468750e+02,7.293661499023437500e+01
2.978003501892089844e+01,-2.689195556640625000e+02,1.483057556152343750e+02
-1.892654991149902344e+01,-2.453746948242187500e+02,1.916532745361328125e+02
1.034422073364257812e+02,-2.428646850585937500e+02,9.339809417724609375e+01
-9.447753143310546875e+01,-2.469323120117187500e+02,1.741660003662109375e+02
-7.588315582275390625e+01,-2.157078247070312500e+02,1.900787353515625000e+02
1.174580764770507812e+02,-3.124136962890625000e+02,6.147125244140625000e+01
6.357560348510742188e+01,-2.951225280761718750e+02,1.302868347167968750e+02
-5.508421325683593750e+01,-2.381796264648437500e+02,1.710473632812500000e+02
3.678975677490234375e+01,-2.360727386474609375e+02,1.146789169311523438e+02
6.442916107177734375e+01,-2.274808807373046875e+02,9.222498321533203125e+01
3.524307632446289062e+01,-2.117993164062500000e+02,9.367692565917968750e+01
6.272419357299804688e+01,-2.640679931640625000e+02,9.615570068359375000e+01
2.356447448730468750e+02,2.266331939697265625e+02,6.449641418457031250e+01
1.370937957763671875e+02,-2.860136718750000000e+02,5.496727371215820312e+01
8.943624877929687500e+01,-3.051686706542968750e+02,1.037806625366210938e+02
-9.186073303222656250e+01,-2.100711059570312500e+02,1.539128417968750000e+02
-7.869923400878906250e+01,-2.656372070312500000e+02,1.316706848144531250e+02
2.287978410720825195e+00,-2.444401550292968750e+02,1.077957992553710938e+02
1.592591667175292969e+01,-2.743704833984375000e+02,1.013052444458007812e+02
-3.362115097045898438e+01,-2.683255004882812500e+02,1.067481079101562500e+02
3.598623275756835938e+01,-1.735542297363281250e+02,4.635467910766601562e+01
9.130506134033203125e+01,-2.632587280273437500e+02,5.097850036621093750e+01
7.515232086181640625e+01,-2.378992462158203125e+02,4.804584503173828125e+01
-4.284972000122070312e+01,-2.095866088867187500e+02,1.184999618530273438e+02
2.821243476867675781e+01,-2.500696105957031250e+02,6.214697647094726562e+01
1.203748931884765625e+02,-2.862286376953125000e+02,2.006035995483398438e+01
-3.861625671386718750e+01,-2.306018676757812500e+02,8.672289276123046875e+01
-6.241204261779785156e+00,-2.347385101318359375e+02,5.521741104125976562e+01
8.728096771240234375e+01,-2.686943664550781250e+02,1.194918632507324219e+01
-2.741755294799804688e+01,-2.684732055664062500e+02,6.409310913085937500e+01
-6.339329528808593750e+01,-2.361340026855468750e+02,1.042669677734375000e+02
5.626221466064453125e+01,-2.732452697753906250e+02,3.796737289428710938e+01
5.439093780517578125e+01,-2.446404113769531250e+02,1.532379245758056641e+01
1.934593772888183594e+01,-2.941354064941406250e+02,3.501339340209960938e+01
4.321361541748046875e+00,-2.700097656250000000e+02,5.152564620971679688e+01
6.766487598419189453e+00,-2.149416656494140625e+02,2.089183998107910156e+01
-6.597954559326171875e+01,-2.489566955566406250e+02,6.980623626708984375e+01
9.416545104980468750e+01,-3.423535156250000000e+02,3.499598693847656250e+01
-3.629201650619506836e-01,-3.041705932617187500e+02,7.555072784423828125e+01
-2.429494171142578125e+02,1.179408721923828125e+02,1.685537414550781250e+02
2.002567100524902344e+01,-2.597299499511718750e+02,1.970897865295410156e+01
-1.335982990264892578e+01,-3.338340148925781250e+02,5.220746994018554688e+01
2.796618652343750000e+02,-5.713244247436523438e+01,-1.860651397705078125e+02
8.520963668823242188e+00,-3.425687561035156250e+02,1.983388137817382812e+01
-5.356826782226562500e+01,-1.915483703613281250e+02,-1.333562374114990234e+01
-2.236557006835937500e+01,-2.526506652832031250e+02,1.728974723815917969e+01
-2.556365013122558594e+01,-1.996410522460937500e+02,3.613478088378906250e+01
-2.646505165100097656e+01,-2.158207092285156250e+02,9.903521537780761719e+00
-8.022070884704589844e+00,-2.627825012207031250e+02,-2.142009544372558594e+01
3.031709861755371094e+01,-3.452704772949218750e+02,-5.525117187500000000e+02
7.384835815429687500e+01,-3.290161132812500000e+02,1.348192977905273438e+01
2.461098861694335938e+01,-3.796152648925781250e+02,4.305257034301757812e+01
3.528026580810546875e+01,-3.395027465820312500e+02,5.592037200927734375e+01
-1.365705490112304688e+01,-3.751124877929687500e+02,4.211268997192382812e+01
1.025377368927001953e+01,-3.628889770507812500e+02,6.626873016357421875e+01
-5.435058593750000000e+01,-2.813849792480468750e+02,-1.116624069213867188e+01
-8.612992095947265625e+01,-1.866148223876953125e+02,-2.888862991333007812e+01
-5.455554199218750000e+01,-2.141759338378906250e+02,-4.896683120727539062e+01
-3.250568008422851562e+01,-2.941636352539062500e+02,1.350590229034423828e+01
7.960123443603515625e+01,-3.812953796386718750e+02,4.936589050292968750e+01
2.400428962707519531e+01,-3.132522277832031250e+02,-4.763277435302734375e+01
1.900626564025878906e+01,-2.857377319335937500e+02,-5.194846343994140625e+01
-6.424933624267578125e+01,-2.341328735351562500e+02,1.892713928222656250e+01
-4.575775146484375000e+01,-4.236404113769531250e+02,-4.513561248779296875e+01
-6.531150817871093750e+01,-3.909388732910156250e+02,-3.095403671264648438e+01
-3.713653945922851562e+01,-2.671999816894531250e+02,-5.383281707763671875e+01
6.109699249267578125e+01,-3.683394775390625000e+02,6.579195022583007812e+00
-8.090100860595703125e+01,-3.963119201660156250e+02,1.586503982543945312e+01
-3.741785812377929688e+01,-3.253597412109375000e+02,-2.365973234176635742e+00
-9.821264147758483887e-01,-3.697500915527343750e+02,-4.508255004882812500e+01
-5.681315994262695312e+01,-3.422807312011718750e+02,-3.103879928588867188e+01
-7.057646942138671875e+01,-3.474963378906250000e+02,2.650120925903320312e+01
-6.484584045410156250e+01,-3.594930419921875000e+02,-5.891029357910156250e+00
-2.579544448852539062e+01,-3.449809875488281250e+02,-5.999255371093750000e+01
-6.780511474609375000e+01,-2.493275451660156250e+02,-3.973012542724609375e+01
-2.827045440673828125e+01,-3.769963989257812500e+02,-2.913068199157714844e+01
-7.732049560546875000e+01,-3.274389648437500000e+02,-8.586504936218261719e+00
-4.711423492431640625e+01,-3.677675170898437500e+02,-7.274200439453125000e+01
-9.017464447021484375e+01,-2.316560058593750000e+02,-6.378780746459960938e+01
-4.797158718109130859e+00,2.123883972167968750e+02,-2.051014709472656250e+02
-7.546107482910156250e+01,-2.676639709472656250e+02,-6.869205474853515625e+01
-1.191940155029296875e+02,-2.262053985595703125e+02,-9.163074493408203125e+01
-8.399574279785156250e+01,-3.605704956054687500e+02,-4.980018997192382812e+01
-1.036822509765625000e+02,-2.593178710937500000e+02,-1.006548919677734375e+02
-8.979641723632812500e+01,-2.909310607910156250e+02,-4.406010437011718750e+01
-1.198453445434570312e+02,-2.591873474121093750e+02,-6.278401184082031250e+01
-1.210584564208984375e+02,-3.018757934570312500e+02,-7.277679443359375000e+01
-1.871975402832031250e+02,-3.687932128906250000e+02,3.075074195861816406e+00
-1.089227447509765625e+02,-2.500291290283203125e+02,-5.183125495910644531e+00
-1.090052337646484375e+02,-3.304851989746093750e+02,-4.431200027465820312e+01
-1.258523330688476562e+02,-1.970884857177734375e+02,-5.182979583740234375e+01
-1.352391967773437500e+02,-3.538638610839843750e+02,-5.178142166137695312e+01
-1.136785125732421875e+02,-3.813416137695312500e+02,-7.551045227050781250e+01
-7.978546905517578125e+01,-3.161522216796875000e+02,-7.525801086425781250e+01
-1.097922897338867188e+02,-3.788336181640625000e+02,-9.996480941772460938e+00
-2.555711936950683594e+01,2.448484954833984375e+02,-2.176515808105468750e+02
-1.317167968750000000e+02,-2.965512695312500000e+02,-3.337968826293945312e+01
-1.172716522216796875e+02,-3.445501708984375000e+02,1.190021038055419922e+01
-1.268955154418945312e+02,-3.530328674316406250e+02,9.768321990966796875e+01
-1.629263153076171875e+02,-2.769532470703125000e+02,-9.269305419921875000e+01
-1.331472778320312500e+02,-3.250646972656250000e+02,-9.809205055236816406e+00
-1.386442260742187500e+02,-3.341595458984375000e+02,-9.993521881103515625e+01
-2.179004364013671875e+02,-2.938346252441406250e+02,-6.315974426269531250e+01
1.744652709960937500e+02,-2.419839324951171875e+02,1.067847900390625000e+02
-1.610148925781250000e+02,-3.112282104492187500e+02,-7.784450531005859375e+01
-1.285484161376953125e+02,-2.251223754882812500e+02,2.085832214355468750e+01
1.930193328857421875e+01,2.671033630371093750e+02,-1.822640380859375000e+02
-1.562521057128906250e+02,-2.172208557128906250e+02,-6.506204986572265625e+01
-1.834027252197265625e+02,-2.515500030517578125e+02,-5.445603942871093750e+01
-2.044741210937500000e+02,-3.466746520996093750e+02,-4.515724182128906250e+01
-2.583000488281250000e+02,-3.108349914550781250e+02,5.033938980102539062e+01
-1.137941970825195312e+02,-3.531520385742187500e+02,6.030566406250000000e+01
-3.773544311523437500e+01,2.804849853515625000e+02,-2.845364990234375000e+02
-2.148721008300781250e+02,-2.941600952148437500e+02,-2.669729042053222656e+01
-1.823472747802734375e+02,-2.720339355468750000e+02,-2.237019538879394531e+01
-2.048330230712890625e+02,-3.026090393066406250e+02,6.301040267944335938e+01
-1.773118591308593750e+02,-2.328056640625000000e+02,-1.789747047424316406e+01
-2.016858215332031250e+02,-3.356482849121093750e+02,1.590717506408691406e+01
-2.635188598632812500e+02,-2.780968627929687500e+02,3.704931020736694336e+00
-2.398142395019531250e+02,-2.804128417968750000e+02,2.896769332885742188e+01
-1.335311584472656250e+02,-3.020505981445312500e+02,2.129997062683105469e+01
-1.673115081787109375e+02,-3.010216979980468750e+02,6.159720611572265625e+01
-2.248183746337890625e+02,-3.226805114746093750e+02,3.305279731750488281e+00
-2.191543273925781250e+02,-2.456971893310546875e+02,-2.939221572875976562e+01
-1.708854370117187500e+02,-2.583602294921875000e+02,2.715846443176269531e+01
-1.517708435058593750e+02,-3.256257324218750000e+02,5.597315979003906250e+01
-1.215619277954101562e+02,-2.931052246093750000e+02,5.389993667602539062e+01
-2.878034057617187500e+02,-2.443332977294921875e+02,-1.547048211097717285e+00
-2.644813842773437500e+02,-2.499349212646484375e+02,-2.796488380432128906e+01
-1.960342712402343750e+02,-2.556055908203125000e+02,1.038033828735351562e+02
-2.170276794433593750e+02,-2.465921630859375000e+02,2.214422702789306641e+00
-1.559213714599609375e+02,-3.233136291503906250e+02,9.645178985595703125e+01
-2.715558471679687500e+02,-2.566816101074218750e+02,3.095224189758300781e+01
-3.039199523925781250e+02,-9.698172760009765625e+01,1.257746810913085938e+02
-2.009611206054687500e+02,-2.985769958496093750e+02,1.712549400329589844e+01
-1.709836578369140625e+02,-2.341404724121093750e+02,4.573788833618164062e+01
-2.531919555664062500e+02,-2.275504302978515625e+02,6.967033386230468750e+00
-2.398394317626953125e+02,-2.493323059082031250e+02,4.611501312255859375e+01
-1.586991119384765625e+02,-2.762317199707031250e+02,9.403974151611328125e+01
-2.775812377929687500e+02,-2.077384338378906250e+02,-1.577099895477294922e+01
6.991053009033203125e+01,2.955588378906250000e+02,-9.866592407226562500e+01
-2.853894042968750000e+02,-2.116460723876953125e+02,2.690789604187011719e+01
-1.938260803222656250e+02,-1.981705017089843750e+02,-9.825376510620117188e+00
-2.740442504882812500e+02,-2.156060485839843750e+02,-5.013568878173828125e+01
-2.308454437255859375e+02,-1.980824127197265625e+02,-2.078887939453125000e+00
-1.991828308105468750e+02,-2.007538909912109375e+02,1.856525802612304688e+01
-2.473925323486328125e+02,-2.018515777587890625e+02,3.796618270874023438e+01
-3.174720458984375000e+02,-1.995595245361328125e+02,-2.383685684204101562e+01
-2.125630187988281250e+02,-1.934554901123046875e+02,9.250215148925781250e+01
-1.866275329589843750e+02,-1.842623596191406250e+02,7.443225860595703125e+01
-2.656593322753906250e+02,-1.192641906738281250e+02,1.236990814208984375e+02
-1.575534210205078125e+02,1.990154113769531250e+02,-2.521270751953125000e+02
-2.966529235839843750e+02,-1.659498748779296875e+02,7.187268066406250000e+01
8.710411071777343750e+01,2.933717346191406250e+02,-6.257434082031250000e+01
-1.523806610107421875e+02,-1.648654632568359375e+02,3.709234619140625000e+01
1.142471847534179688e+02,-1.768542480468750000e+02,-1.217561340332031250e+01
-2.327313690185546875e+02,-1.615259094238281250e+02,9.062286376953125000e+01
-2.337173767089843750e+02,-1.594615325927734375e+02,5.413194656372070312e+01
-1.676474761962890625e+02,-1.339248962402343750e+02,8.281298065185546875e+01
-3.076822509765625000e+02,-1.643453369140625000e+02,7.206784725189208984e+00
-2.617673339843750000e+02,-1.657860107421875000e+02,2.925375938415527344e+01
-3.178562927246093750e+02,-1.887523498535156250e+02,-5.927934646606445312e+01
-2.613508605957031250e+02,-1.695603179931640625e+02,-4.069188308715820312e+01
-2.986096801757812500e+02,-1.577062530517578125e+02,-3.059882926940917969e+01
-2.837942810058593750e+02,-1.291362304687500000e+02,6.280720901489257812e+01
-2.319882354736328125e+02,-1.519775085449218750e+02,1.148896503448486328e+01
-2.663025817871093750e+02,-1.607165374755859375e+02,-9.214459419250488281e+00
-1.966464385986328125e+02,-1.282069244384765625e+02,4.767344665527343750e+01
-1.435650329589843750e+02,-1.387585144042968750e+02,2.904174804687500000e+01
-2.799657592773437500e+02,-9.004874420166015625e+01,1.035890731811523438e+02
-2.209551696777343750e+02,-2.282302474975585938e+01,1.071435928344726562e+02
-3.017679443359375000e+02,-1.346498107910156250e+02,2.817898559570312500e+01
-2.634143676757812500e+02,-1.306866302490234375e+02,1.201823902130126953e+01
-2.255347442626953125e+02,-1.117810974121093750e+02,7.676486968994140625e+01
-2.223368225097656250e+02,-1.620713653564453125e+02,-7.785026550292968750e+01
-2.483693847656250000e+02,-1.087034225463867188e+02,4.069335937500000000e+01
-2.725296630859375000e+02,-2.779122161865234375e+01,1.003781433105468750e+02
-1.915350646972656250e+02,-1.069206542968750000e+02,7.533324432373046875e+01
-2.359789428710937500e+02,-1.354322204589843750e+02,-3.141020774841308594e+01
-2.937420654296875000e+02,-4.831328582763671875e+01,7.015561676025390625e+01
-2.673270568847656250e+02,-1.575627593994140625e+02,-9.225533294677734375e+01
-2.332512359619140625e+02,-1.122124862670898438e+02,2.831543445587158203e+00
-1.814047851562500000e+02,-1.224846572875976562e+02,-8.212455749511718750e+00
-2.525652008056640625e+02,-1.247747879028320312e+02,-5.915439987182617188e+01
-2.403371734619140625e+02,-3.803611993789672852e+00,9.086648559570312500e+01
-2.657293090820312500e+02,-1.110939102172851562e+02,-2.461514282226562500e+01
-2.936530456542968750e+02,-1.239134674072265625e+02,-4.298832321166992188e+01
-2.989873657226562500e+02,-1.288916625976562500e+02,-8.204689025878906250e+01
-3.163706970214843750e+02,-7.852384185791015625e+01,4.901086807250976562e+00
-2.335900421142578125e+02,-6.560266876220703125e+01,5.860322570800781250e+01
-2.018969573974609375e+02,-8.141141510009765625e+01,2.187288093566894531e+01
-3.203955459594726562e+01,-1.745410308837890625e+02,-1.007870025634765625e+02
-2.591692504882812500e+02,-8.158337402343750000e+01,1.682599258422851562e+01
2.636572265625000000e+02,-9.338388824462890625e+01,-1.201628494262695312e+02
-2.724637145996093750e+02,-3.755568695068359375e+01,3.318716049194335938e+01
-2.356007232666015625e+02,-9.189634704589843750e+01,-3.244596862792968750e+01
-1.697575683593750000e+02,-7.485287475585937500e+01,6.849475097656250000e+01
-3.186825561523437500e+02,-7.794029235839843750e+01,-3.522108840942382812e+01
-2.859367370605468750e+02,-1.009134292602539062e+02,-8.267539215087890625e+01
-2.144484405517578125e+02,-6.810290527343750000e+01,-8.857810974121093750e+00
-1.905278625488281250e+02,-4.936454010009765625e+01,2.811103248596191406e+01
-2.046922454833984375e+02,-4.182537078857421875e+01,5.360863494873046875e+01
-2.472331542968750000e+02,-9.873248100280761719e+00,4.957468795776367188e+01
-2.512230224609375000e+02,-4.837614822387695312e+01,-2.159767532348632812e+01
-2.562205505371093750e+02,-8.079470062255859375e+01,-6.438371276855468750e+01
-2.707913818359375000e+02,3.973926544189453125e+01,8.420029449462890625e+01
-2.288798370361328125e+02,3.272924423217773438e+01,5.607702636718750000e+01
-2.345691070556640625e+02,-1.059516677856445312e+02,-9.579429626464843750e+01
-2.680030517578125000e+02,-8.255531311035156250e+01,-1.119844055175781250e+02
-2.633934020996093750e+02,-1.139617233276367188e+02,-1.181103591918945312e+02
-2.335282592773437500e+02,-3.466627883911132812e+01,2.705463409423828125e+00
-2.928685302734375000e+02,-1.316432952880859375e+01,-1.575669527053833008e+00
-2.845006408691406250e+02,-5.636743927001953125e+01,-8.383068847656250000e+01
-2.938735961914062500e+02,3.404266738891601562e+01,5.869194030761718750e+01
-2.551015930175781250e+02,6.937294769287109375e+01,6.661589050292968750e+01
-2.371391906738281250e+02,-6.996640777587890625e+01,-8.806646728515625000e+01
-2.104058227539062500e+02,3.307421445846557617e+00,2.118225097656250000e+01
9.172371673583984375e+01,1.556931915283203125e+02,4.123293304443359375e+01
-1.558147277832031250e+02,-4.081725692749023438e+01,-9.686902999877929688e+00
-1.774779815673828125e+02,4.988516807556152344e+00,2.609413909912109375e+01
-2.308994903564453125e+02,8.561117553710937500e+01,2.418453598022460938e+01
-1.951147308349609375e+02,-2.544643592834472656e+01,-1.056286430358886719e+01
-2.602363891601562500e+02,9.401502609252929688e+00,-1.844686889648437500e+01
-2.675062561035156250e+02,3.213961410522460938e+01,1.960869789123535156e+01
-2.396248931884765625e+02,-1.118673992156982422e+01,-4.665842819213867188e+01
-2.790752258300781250e+02,5.230953216552734375e+01,-9.344505310058593750e+00
-2.174793701171875000e+02,6.595679759979248047e+00,-3.069974136352539062e+01
-2.236584777832031250e+02,-9.639430999755859375e+01,-1.326370391845703125e+02
-1.730904998779296875e+02,-3.225008392333984375e+01,-4.163070678710937500e+01
1.041210556030273438e+02,2.103573760986328125e+02,-1.048077869415283203e+01
-1.958137054443359375e+02,9.650969505310058594e+00,-5.668626785278320312e+01
-2.435056915283203125e+02,4.665982437133789062e+01,8.569684982299804688e+00
-2.813795166015625000e+02,7.653539276123046875e+01,1.645292663574218750e+01
-2.270522613525390625e+02,-7.562977790832519531e+00,-9.095300292968750000e+01
-1.318043212890625000e+02,-4.037116241455078125e+01,-4.634139251708984375e+01
-1.687941131591796875e+02,4.938498020172119141e+00,-2.353266716003417969e+01
-2.037899475097656250e+02,-3.158269691467285156e+01,-6.494002532958984375e+01
-1.352319793701171875e+02,-2.878299331665039062e+01,-8.532581329345703125e+01
-2.233715057373046875e+02,5.150972366333007812e+01,-2.327015876770019531e+01
-1.507310180664062500e+02,-7.354544162750244141e+00,-5.331076812744140625e+01
-1.613435821533203125e+02,-4.994136428833007812e+01,-7.347175598144531250e+01
-1.727506561279296875e+02,-9.686642646789550781e+00,-8.025286102294921875e+01
-1.210050888061523438e+02,-3.205446481704711914e+00,-3.127068710327148438e+01
-2.879747619628906250e+02,1.989119338989257812e+01,-5.316942214965820312e+01
-1.866845855712890625e+02,2.004991340637207031e+01,-1.039164962768554688e+02
-1.918420257568359375e+02,-5.115821456909179688e+01,-1.541041259765625000e+02
-1.586788940429687500e+02,2.538709449768066406e+01,-6.886786651611328125e+01
-1.156642761230468750e+02,3.000842809677124023e+00,-7.065422821044921875e+01
-1.778207550048828125e+02,-7.351503753662109375e+01,-1.386409301757812500e+02
-8.579072570800781250e+01,-2.404942989349365234e+00,-3.814744567871093750e+01
-9.533326721191406250e+01,-2.306569480895996094e+01,-9.457791900634765625e+01
-1.620954895019531250e+02,-4.504636764526367188e+01,-1.440362701416015625e+02
-1.373533630371093750e+02,3.818030166625976562e+01,-4.715200424194335938e+01
-2.419094696044921875e+02,9.732087707519531250e+01,-4.782094955444335938e+01
-2.434569244384765625e+02,1.095960617065429688e+02,-3.413219153881072998e-01
-2.681260986328125000e+02,3.191052246093750000e+01,-9.768658447265625000e+01
-2.558368377685546875e+02,6.621327972412109375e+01,-4.330886459350585938e+01
-1.319616241455078125e+02,-1.093214130401611328e+01,-1.175602722167968750e+02
-5.602309799194335938e+01,-1.085675125122070312e+02,-4.150023651123046875e+01
-1.872543945312500000e+02,-8.542040824890136719e+00,-1.333924407958984375e+02
1.487104492187500000e+02,1.879295196533203125e+02,5.248911666870117188e+01
-1.048091735839843750e+02,-1.798113250732421875e+01,-1.575433654785156250e+02
-1.003003463745117188e+02,1.053800201416015625e+01,-1.264722442626953125e+02
-2.125689392089843750e+02,7.611460113525390625e+01,-6.012006759643554688e+01
-1.381108245849609375e+02,2.092403984069824219e+01,-1.166578063964843750e+02
-1.473821105957031250e+02,-1.010001373291015625e+01,-1.748653411865234375e+02
-2.195744781494140625e+02,3.558388900756835938e+01,-1.393827056884765625e+02
-2.432973327636718750e+02,4.653379440307617188e+01,-1.140021667480468750e+02
-1.725202484130859375e+02,8.311183929443359375e+00,-1.721314697265625000e+02
-2.716396484375000000e+02,1.041301574707031250e+02,-8.106610870361328125e+01
-2.492335815429687500e+02,6.028898620605468750e+01,-1.670641021728515625e+02
-2.743867492675781250e+02,4.424811172485351562e+01,-1.541104736328125000e+02
-2.786699523925781250e+02,8.027622985839843750e+01,-1.169350128173828125e+02
-2.723956909179687500e+02,8.172996520996093750e+01,-1.499250488281250000e+02
-1.501603546142578125e+02,4.385852813720703125e+01,-1.710260314941406250e+02
-1.290650482177734375e+02,2.678998184204101562e+01,-1.578876495361328125e+02
-2.607633361816406250e+02,1.359097442626953125e+02,-6.532988739013671875e+01
-1.650082244873046875e+02,6.808395385742187500e+01,-1.099252471923828125e+02
-2.273077239990234375e+02,1.011159896850585938e+02,-1.144107894897460938e+02
-2.092950134277343750e+02,1.272207336425781250e+02,-9.455615234375000000e+01
-2.776988525390625000e+02,1.276456604003906250e+02,-9.889378356933593750e+01
-2.420385742187500000e+02,1.289927978515625000e+02,-1.015551071166992188e+02
-1.258629455566406250e+02,5.709106063842773438e+01,-1.243777999877929688e+02
-1.864246826171875000e+02,1.199284133911132812e+02,-5.224010467529296875e+01
-1.574922027587890625e+02,9.058564758300781250e+01,-7.638957977294921875e+01
-1.586425476074218750e+02,9.916552734375000000e+01,-1.136848449707031250e+02
-1.877855529785156250e+02,9.818632507324218750e+01,-9.701090240478515625e+01
-2.284168395996093750e+02,1.412522888183593750e+02,-1.605185699462890625e+02
-2.483011627197265625e+02,1.977866821289062500e+02,-6.217337417602539062e+01
-1.805763854980468750e+02,9.952091979980468750e+01,-1.635337524414062500e+02
-1.963637084960937500e+02,1.132678985595703125e+02,-1.429688568115234375e+02
-2.198563995361328125e+02,1.577417297363281250e+02,-4.142239761352539062e+01
-2.521487884521484375e+02,2.245628204345703125e+02,-3.097115707397460938e+01
-2.270639801025390625e+02,2.104189758300781250e+02,1.309408473968505859e+01
-2.101783905029296875e+02,1.590896911621093750e+02,1.227521133422851562e+01
-1.787292175292968750e+02,1.588340911865234375e+02,-1.546923160552978516e+01
-1.940399932861328125e+02,2.023270721435546875e+02,1.474321079254150391e+01
2.025489044189453125e+02,-6.692193603515625000e+01,3.591438903808593750e+02
-1.934109039306640625e+02,1.502391052246093750e+02,-1.522163238525390625e+02
-1.535621490478515625e+02,1.375230255126953125e+02,-1.403839111328125000e+02
-1.294333496093750000e+02,1.242000350952148438e+02,-6.639892578125000000e+01
-1.351320800781250000e+02,9.798787689208984375e+01,-1.412154998779296875e+02
-2.194720001220703125e+02,2.191911010742187500e+02,-5.198043060302734375e+01
-1.822475280761718750e+02,1.743974761962890625e+02,-8.187532806396484375e+01
-1.199794235229492188e+02,1.045471267700195312e+02,-1.063088912963867188e+02
-1.926451721191406250e+02,1.996044769287109375e+02,-1.097088317871093750e+02
-1.838649902343750000e+02,1.998038940429687500e+02,-5.955020904541015625e+01
-2.830142517089843750e+02,1.767483367919921875e+02,-9.720566558837890625e+01
-1.470879058837890625e+02,1.422808227539062500e+02,-9.145288848876953125e+01
-1.702748565673828125e+02,1.742384490966796875e+02,-1.348432159423828125e+02
-1.215653457641601562e+02,1.715214080810546875e+02,-1.378893127441406250e+02
-1.434759521484375000e+02,2.009646911621093750e+02,-1.264935836791992188e+02
-1.338000793457031250e+02,1.256425781250000000e+02,-1.719194946289062500e+02
-2.090734252929687500e+02,1.719061737060546875e+02,-1.154252471923828125e+02
-8.676076507568359375e+01,1.098948516845703125e+02,-1.585009460449218750e+02
-7.853146362304687500e+01,1.241712875366210938e+02,-1.221225280761718750e+02
-1.767041778564453125e+02,2.993814392089843750e+02,-1.446018371582031250e+02
-9.409686279296875000e+01,1.362744445800781250e+02,-7.343650054931640625e+01
-1.144836959838867188e+02,1.607047271728515625e+02,-6.675292205810546875e+01
-9.550394439697265625e+01,1.481921691894531250e+02,-1.734006347656250000e+02
-1.075912094116210938e+02,1.322955169677734375e+02,-1.383429412841796875e+02
-1.320334167480468750e+02,1.811845703125000000e+02,-9.886151123046875000e+01
-1.103254394531250000e+02,1.488797454833984375e+02,-9.980603790283203125e+01
-8.178404235839843750e+01,1.623035888671875000e+02,-1.370379791259765625e+02
-9.542342376708984375e+01,1.899259185791015625e+02,-8.689720153808593750e+01
-7.390477752685546875e+01,1.688583068847656250e+02,-8.784482574462890625e+01
-1.042653884887695312e+02,2.167764129638671875e+02,-1.113220977783203125e+02
-1.462921142578125000e+02,2.141624298095703125e+02,-8.925598144531250000e+01
-1.742563476562500000e+02,2.448930664062500000e+02,-7.422055816650390625e+01
1.890594177246093750e+02,-2.448944091796875000e+01,-3.375376586914062500e+02
-1.521093292236328125e+02,2.677273254394531250e+02,-1.403365020751953125e+02
-1.795657958984375000e+02,2.758757629394531250e+02,-1.107927017211914062e+02
-1.203518447875976562e+02,2.436208496093750000e+02,-1.639093933105468750e+02
-1.025282974243164062e+02,2.712627868652343750e+02,-1.388592376708984375e+02
-1.177252120971679688e+02,2.856118774414062500e+02,-1.597973480224609375e+02
-1.668482666015625000e+02,3.033702087402343750e+02,-1.002846832275390625e+02
-4.218656921386718750e+01,1.485547790527343750e+02,-1.339031524658203125e+02
-1.339824523925781250e+02,2.904795837402343750e+02,-1.230558395385742188e+02
-1.236277236938476562e+02,2.535386352539062500e+02,-1.103787078857421875e+02
-1.501538848876953125e+02,2.766859130859375000e+02,-8.752669525146484375e+01
-4.033446884155273438e+01,1.991682891845703125e+02,-1.096225280761718750e+02
-6.500028991699218750e+01,2.176631164550781250e+02,-1.242447586059570312e+02
-1.217423782348632812e+02,1.114493484497070312e+02,-4.196820259094238281e+00
-1.010042877197265625e+02,9.283860778808593750e+01,-1.637085723876953125e+01
-1.198167495727539062e+02,2.099277648925781250e+02,-4.719255828857421875e+01
-1.237824707031250000e+02,1.924779815673828125e+02,-2.020856285095214844e+01
-1.359796600341796875e+02,2.268697662353515625e+02,-2.657490158081054688e+01
-5.011398696899414062e+01,2.965219421386718750e+02,-7.350375366210937500e+01
-2.500151824951171875e+01,2.976892700195312500e+02,-6.326855468750000000e+01
-6.251583480834960938e+01,9.955036163330078125e+01,-4.193852996826171875e+01
-1.274590835571289062e+02,2.653104553222656250e+02,-2.992698478698730469e+01
-7.979380798339843750e+01,1.931387634277343750e+02,-3.511980819702148438e+01
-9.281813812255859375e+01,1.682852020263671875e+02,-1.728879547119140625e+01
-5.598918151855468750e+01,2.991892395019531250e+02,-3.043805694580078125e+01
-3.787879180908203125e+01,2.109732513427734375e+02,-5.788072204589843750e+01
1.274242210388183594e+01,2.197559509277343750e+02,-5.964776992797851562e+01
-7.020730590820312500e+01,2.482187652587890625e+02,-9.041416168212890625e+01
-9.547852325439453125e+01,2.364674682617187500e+02,-3.456219863891601562e+01
-1.012307739257812500e+02,2.595980529785156250e+02,-5.282650375366210938e+01
-6.628998565673828125e+01,9.715813446044921875e+01,1.714178323745727539e+00
-3.108683013916015625e+01,8.653370666503906250e+01,-2.060668563842773438e+01
-4.881072616577148438e+01,2.512105712890625000e+02,-5.020656967163085938e+01
-5.002088928222656250e+01,2.290791473388671875e+02,-2.349152946472167969e+01
-6.436505889892578125e+01,1.332699890136718750e+02,-7.366339206695556641e+00
-4.287775802612304688e+01,1.877028045654296875e+02,-1.613505172729492188e+01
-1.100981216430664062e+02,1.475367279052734375e+02,-2.299568634033203125e+02
5.063983917236328125e+00,2.051326599121093750e+02,-1.431773376464843750e+01
-7.785211086273193359e+00,1.642670288085937500e+02,1.441341519355773926e+00
2.707400321960449219e+01,2.231379241943359375e+02,-2.494226455688476562e+01
-2.698800086975097656e+01,3.078965454101562500e+02,2.667315244674682617e+00
-1.423801612854003906e+01,2.463510437011718750e+02,-3.770577621459960938e+01
-9.852923583984375000e+01,1.961825408935546875e+02,2.423147201538085938e+01
-7.679988861083984375e+01,2.082543640136718750e+02,3.347759008407592773e+00
-1.817610168457031250e+01,1.370137329101562500e+02,-3.087144660949707031e+01
-5.186613082885742188e+01,2.280724945068359375e+02,1.310992050170898438e+01
-9.833366394042968750e+01,3.044184570312500000e+02,2.599431419372558594e+01
-6.369327163696289062e+01,2.651806335449218750e+02,1.104132413864135742e+00
6.218544006347656250e+00,1.212456130981445312e+02,-2.353991127014160156e+01
-5.105793762207031250e+01,1.796188049316406250e+02,2.156733322143554688e+01
-2.660615921020507812e+01,1.332364196777343750e+02,1.440818977355957031e+01
-2.748143959045410156e+01,2.044496612548828125e+02,2.368567085266113281e+01
3.256925964355468750e+01,1.521532897949218750e+02,-1.810621261596679688e+01
-7.022803497314453125e+01,1.502784118652343750e+02,3.665063476562500000e+01
-7.575373840332031250e+01,2.197193908691406250e+02,4.470910644531250000e+01
-1.112141571044921875e+02,1.313690490722656250e+02,4.689280319213867188e+01
-8.456449890136718750e+01,1.144640045166015625e+02,4.365142822265625000e+01
4.358609771728515625e+01,1.811483154296875000e+02,-4.628724288940429688e+01
-6.869727325439453125e+01,3.198591613769531250e+02,2.862387275695800781e+01
-4.788190841674804688e+01,1.178593826293945312e+02,4.015114974975585938e+01
3.610389947891235352e+00,1.195904922485351562e+02,2.322025299072265625e+01
2.271960449218750000e+01,1.762370910644531250e+02,3.734782409667968750e+01
-1.011500072479248047e+01,1.877052612304687500e+02,5.792698287963867188e+01
-3.623685455322265625e+01,1.664980773925781250e+02,5.337049102783203125e+01
-7.158506011962890625e+01,1.816667938232421875e+02,5.884950256347656250e+01
1.594844102859497070e+00,2.528543243408203125e+02,4.279417419433593750e+01
1.600979614257812500e+01,2.104581909179687500e+02,4.399446105957031250e+01
-6.156842231750488281e+00,1.444641113281250000e+02,5.500399780273437500e+01
-3.543702661991119385e-01,6.759396362304687500e+01,2.123538398742675781e+01
-1.912291145324707031e+01,7.057836151123046875e+01,1.031290054321289062e+02
-8.467265129089355469e+00,8.508279418945312500e+01,5.624533843994140625e+01
-6.762908172607421875e+01,1.634197387695312500e+02,1.060363388061523438e+02
-3.302511215209960938e+01,1.529620361328125000e+02,9.557816314697265625e+01
-7.260208129882812500e+01,1.387673645019531250e+02,8.303987121582031250e+01
-5.852235031127929688e+01,2.380037689208984375e+02,8.025278472900390625e+01
-4.469299697875976562e+01,2.545060272216796875e+02,1.042362976074218750e+02
-1.715780448913574219e+01,3.024182128906250000e+02,3.341701126098632812e+01
-6.593442535400390625e+01,3.067345581054687500e+02,5.344160842895507812e+01
-5.466757583618164062e+01,8.459734344482421875e+01,6.886378479003906250e+01
-1.829490280151367188e+01,1.136841201782226562e+02,7.216582489013671875e+01
-4.590544891357421875e+01,1.933031158447265625e+02,8.350254821777343750e+01
-4.595415115356445312e+01,1.075457534790039062e+02,1.031345291137695312e+02
2.083613014221191406e+01,2.286952667236328125e+02,7.794540405273437500e+01
-7.856130218505859375e+01,8.797988891601562500e+01,8.840510559082031250e+01
3.348962402343750000e+01,1.129029922485351562e+02,4.655874252319335938e+01
-8.287364006042480469e+00,2.474249114990234375e+02,8.512374877929687500e+01
-2.356704711914062500e+01,1.748436584472656250e+02,1.169968185424804688e+02
2.850036621093750000e+01,1.008324661254882812e+02,1.015473327636718750e+02
7.210337638854980469e+00,1.924803314208984375e+02,1.117217407226562500e+02
1.345135569572448730e+00,1.109272689819335938e+02,1.232767105102539062e+02
1.612883949279785156e+01,2.348924255371093750e+02,1.165691909790039062e+02
-1.885829353332519531e+01,1.344722442626953125e+02,1.315140533447265625e+02
9.300808906555175781e+00,1.510096130371093750e+02,1.052271957397460938e+02
-1.223734092712402344e+01,2.211646118164062500e+02,1.226035308837890625e+02
1.010130119323730469e+01,1.460937500000000000e+02,1.391536560058593750e+02
1.491367340087890625e+01,1.139187774658203125e+02,1.596944122314453125e+02
5.559991836547851562e+01,2.215920715332031250e+02,8.678053283691406250e+01
-5.612142944335937500e+01,9.972930145263671875e+01,1.369886474609375000e+02
3.085353469848632812e+01,2.768045959472656250e+02,8.943399810791015625e+01
-1.916518249511718750e+02,4.403953933715820312e+01,-2.419325408935546875e+02
-4.946638107299804688e+01,1.393252716064453125e+02,1.584199371337890625e+02
4.367692184448242188e+01,1.839367980957031250e+02,1.435290832519531250e+02
-5.013135910034179688e+01,2.197395782470703125e+02,1.539898223876953125e+02
-2.158803405761718750e+02,8.873873710632324219e+00,-2.507082061767578125e+02
-5.559822559356689453e+00,1.463544158935546875e+02,1.874187316894531250e+02
5.690065383911132812e+01,1.690712280273437500e+02,2.103776855468750000e+02
-3.540904998779296875e+01,1.012663955688476562e+02,1.672785797119140625e+02
-9.504957199096679688e+00,1.895953521728515625e+02,1.625862884521484375e+02
1.253500366210937500e+01,2.160219268798828125e+02,1.612744293212890625e+02
2.655741119384765625e+01,1.821835632324218750e+02,1.775949401855468750e+02
-2.280832977294921875e+02,1.232100219726562500e+02,-2.429706420898437500e+02
6.130214309692382812e+01,1.616449584960937500e+02,1.948440093994140625e+02
-1.921133117675781250e+02,9.845431518554687500e+01,-2.655081176757812500e+02
-2.331798400878906250e+02,7.727661895751953125e+01,-2.332776947021484375e+02
3.631742095947265625e+01,2.756815185546875000e+02,1.231788406372070312e+02
1.081807632446289062e+02,2.114257354736328125e+02,1.473437805175781250e+02
7.230770111083984375e+01,1.443512573242187500e+02,1.442160491943359375e+02
5.922716140747070312e+01,2.529743804931640625e+02,1.460602264404296875e+02
9.104895019531250000e+01,2.551777954101562500e+02,1.813356323242187500e+02
6.583470153808593750e+01,2.148590545654296875e+02,1.820713348388671875e+02
9.610266876220703125e+01,2.187283325195312500e+02,1.902538299560546875e+02
-2.548782501220703125e+02,5.046871566772460938e+01,-2.870221252441406250e+02
1.698622512817382812e+01,2.023765563964843750e+02,2.082921142578125000e+02
5.095264053344726562e+01,2.908313293457031250e+02,2.793030090332031250e+02
3.517355346679687500e+01,2.419764404296875000e+02,1.972588653564453125e+02
8.354148864746093750e+01,2.733592529296875000e+02,1.220395126342773438e+02
-2.637074584960937500e+02,9.395430755615234375e+01,-2.702685241699218750e+02
-5.439839839935302734e+00,2.317136535644531250e+02,2.177045898437500000e+02
-1.012453460693359375e+01,2.451430816650390625e+02,2.542607269287109375e+02
-7.923603057861328125e+01,2.690065612792968750e+02,2.092637481689453125e+02
1.782027244567871094e+01,2.652430114746093750e+02,2.235662536621093750e+02
5.958969116210937500e+01,2.413576354980468750e+02,2.482590484619140625e+02
9.629972839355468750e+01,2.143617553710937500e+02,-3.624949340820312500e+02
2.149321556091308594e+01,2.455256195068359375e+02,2.858720397949218750e+02
7.987756347656250000e+01,2.882013549804687500e+02,2.384698486328125000e+02
1.305999298095703125e+02,3.229397277832031250e+02,2.290501556396484375e+02
1.340407714843750000e+02,3.014762573242187500e+02,1.720569915771484375e+02
-2.903142166137695312e+01,2.791533508300781250e+02,2.159051208496093750e+02
1.269300460815429688e+02,3.100668640136718750e+02,2.021974945068359375e+02
7.972783088684082031e+00,2.854813537597656250e+02,2.709740905761718750e+02
1.888437271118164062e+01,2.733259887695312500e+02,1.849188232421875000e+02
-6.485690307617187500e+01,2.987496032714843750e+02,2.359540100097656250e+02
-3.121919250488281250e+02,1.749265289306640625e+01,-2.384546508789062500e+02
-1.008675384521484375e+02,2.951112670898437500e+02,2.262842864990234375e+02
-1.080534820556640625e+02,2.939680480957031250e+02,1.941089019775390625e+02
2.492773284912109375e+02,-1.617554168701171875e+02,-1.653209838867187500e+02
-1.881952095031738281e+01,3.110270690917968750e+02,1.873676147460937500e+02
1.970005416870117188e+01,3.145241088867187500e+02,2.053911437988281250e+02
-7.167430877685546875e+01,3.092819824218750000e+02,1.751200256347656250e+02
2.281280212402343750e+02,-1.643032531738281250e+02,-1.133426132202148438e+02
8.341220855712890625e+01,3.006064758300781250e+02,1.871165618896484375e+02
4.106976318359375000e+01,3.047541198730468750e+02,1.694606933593750000e+02
-1.533876800537109375e+01,3.189899291992187500e+02,2.380093841552734375e+02
-5.103613662719726562e+01,3.263561096191406250e+02,2.041563873291015625e+02
2.171034240722656250e+02,-1.685885162353515625e+02,-1.929503784179687500e+02
-2.716816139221191406e+01,3.034218750000000000e+02,2.661126403808593750e+02
-2.119463920593261719e+01,3.506418762207031250e+02,2.023182983398437500e+02
1.877633571624755859e+00,3.494503784179687500e+02,1.055459671020507812e+02
-5.002330780029296875e+01,3.701084899902343750e+02,2.096360473632812500e+02
-8.090316009521484375e+01,3.370325012207031250e+02,2.542395019531250000e+02
5.586455154418945312e+01,3.254326782226562500e+02,2.169947357177734375e+02
-8.651177215576171875e+01,3.322688598632812500e+02,2.160839080810546875e+02
7.092436981201171875e+01,3.371619262695312500e+02,1.604463958740234375e+02
-3.253440475463867188e+01,3.455031127929687500e+02,1.646290588378906250e+02
2.872530174255371094e+01,4.016894836425781250e+02,2.009905090332031250e+02
4.346695327758789062e+01,3.837143249511718750e+02,1.595382843017578125e+02
1.746419334411621094e+01,3.442672424316406250e+02,1.705563964843750000e+02
1.642406272888183594e+01,3.631112976074218750e+02,2.046900939941406250e+02
-4.805530929565429688e+01,3.885464172363281250e+02,1.672593231201171875e+02
-3.367655515670776367e+00,3.915162658691406250e+02,1.609656829833984375e+02
1.099650382995605469e+00,3.758186645507812500e+02,1.757567901611328125e+02
-9.898040771484375000e+00,3.904241638183593750e+02,2.159440002441406250e+02
4.083862304687500000e+01,3.637702331542968750e+02,2.365300292968750000e+02
-3.737620544433593750e+01,3.403273925781250000e+02,1.324973449707031250e+02
-7.253875732421875000e+01,3.570796813964843750e+02,1.776574401855468750e+02
6.050629425048828125e+01,3.642093811035156250e+02,2.047908325195312500e+02
