2.448993835449218750e+02,-2.937453308105468750e+02,-1.108111190795898438e+02
3.502593383789062500e+02,-2.021647949218750000e+02,-1.344372272491455078e+01
2.733980407714843750e+02,8.094252777099609375e+01,2.589458007812500000e+02
-1.751667175292968750e+02,2.407569427490234375e+02,-2.928563842773437500e+02
3.289213562011718750e+01,6.238476943969726562e+01,-3.474410629272460938e+01
4.031100769042968750e+02,2.395493698120117188e+01,-3.832424163818359375e+01
-7.486853790283203125e+01,1.536210784912109375e+02,-2.285606689453125000e+02
-2.767016601562500000e+02,-1.316094512939453125e+02,4.089795112609863281e+00
-2.953783264160156250e+02,-7.328378295898437500e+01,3.096951293945312500e+01
8.300148010253906250e+01,7.987537384033203125e+01,-4.486485671997070312e+01
-2.112082366943359375e+02,-3.051392936706542969e+01,-8.968521881103515625e+01
1.055103912353515625e+02,6.397745132446289062e+01,7.154923915863037109e+00
-3.207016906738281250e+02,-8.564655303955078125e+00,-2.672017822265625000e+02
7.933796691894531250e+01,1.945747566223144531e+01,2.100629806518554688e+01
-1.477906188964843750e+02,2.096687622070312500e+02,-3.344490051269531250e+02
4.027087097167968750e+02,-4.813939571380615234e+00,-2.714340925216674805e+00
-2.359358520507812500e+02,-3.527732086181640625e+01,-1.764565124511718750e+02
-3.275663452148437500e+02,-2.956969070434570312e+01,-3.198945617675781250e+02
-8.217351531982421875e+01,1.240070648193359375e+02,-8.492548942565917969e+00
-2.030175170898437500e+02,1.607512054443359375e+02,-1.539523792266845703e+01
-8.162082672119140625e+01,1.050745468139648438e+02,-2.972909851074218750e+02
2.850566101074218750e+02,5.962608718872070312e+01,3.044631958007812500e+02
-1.575874786376953125e+02,-2.437347564697265625e+02,-2.425800476074218750e+02
-1.798180084228515625e+02,-2.696241455078125000e+02,-2.822951660156250000e+02
-1.026901931762695312e+02,1.622292480468750000e+02,-8.485125732421875000e+01
-1.303344879150390625e+02,-4.946286773681640625e+01,-1.133597946166992188e+02
-2.309379119873046875e+02,5.980488586425781250e+01,-2.538128967285156250e+02
-2.143705902099609375e+02,-4.312194824218750000e+01,-2.636918945312500000e+02
-3.885146713256835938e+01,-1.372540588378906250e+02,3.646207885742187500e+02
-2.012070655822753906e+01,-1.757492065429687500e+02,3.329798889160156250e+02
-1.890133819580078125e+02,2.003984375000000000e+02,-4.390546798706054688e+01
-1.578345642089843750e+02,-4.117479622364044189e-01,-2.019348449707031250e+02
-3.741385803222656250e+02,1.794087066650390625e+02,-7.098162841796875000e+01
-3.705662536621093750e+02,1.378438110351562500e+02,-3.512742996215820312e+01
-3.443377685546875000e+02,1.790080566406250000e+02,-1.126525802612304688e+02
-3.538477478027343750e+02,1.297048950195312500e+02,-8.118284606933593750e+01
1.049282073974609375e+02,3.891209106445312500e+02,-5.575065994262695312e+01
-6.559366607666015625e+01,1.541073608398437500e+02,3.151673889160156250e+02
1.870621795654296875e+02,7.922549438476562500e+01,3.140558166503906250e+02
-2.388994750976562500e+02,1.080081329345703125e+02,5.576088333129882812e+01
3.072322998046875000e+02,-2.763602905273437500e+02,1.404554443359375000e+02
3.872840576171875000e+02,1.223489761352539062e+02,1.977622032165527344e+01
-5.496798992156982422e+00,6.131847763061523438e+01,1.566493988037109375e+02
6.783957672119140625e+01,3.828334655761718750e+02,-9.425885772705078125e+01
-2.580599670410156250e+02,3.252588500976562500e+02,-3.350402069091796875e+01
-1.376378936767578125e+02,2.611811828613281250e+02,-3.246988220214843750e+02
2.292930297851562500e+02,1.152437667846679688e+02,-7.404393768310546875e+01
-1.848819122314453125e+02,1.893244628906250000e+02,-2.966174011230468750e+02
-3.716445312500000000e+02,-1.392357788085937500e+02,1.061813278198242188e+02
4.407642364501953125e+01,6.687139129638671875e+01,1.172136154174804688e+02
2.019618225097656250e+02,2.081980743408203125e+02,-2.960730171203613281e+01
2.026041259765625000e+02,-3.723843994140625000e+02,-9.123908233642578125e+01
-2.432797546386718750e+02,2.021449127197265625e+02,-3.139748001098632812e+01
8.072064971923828125e+01,-3.526987609863281250e+02,-1.134086303710937500e+02
-1.420290279388427734e+01,-2.788111877441406250e+02,-1.136175918579101562e+02
-1.850037231445312500e+02,3.091062545776367188e+01,-1.675081787109375000e+02
3.459006500244140625e+01,2.149753570556640625e+02,-6.306291961669921875e+01
1.737395019531250000e+02,-1.376886444091796875e+02,1.244468765258789062e+02
-3.038617858886718750e+02,1.178567276000976562e+02,-6.299238586425781250e+01
-4.152440490722656250e+02,-1.533009719848632812e+01,-1.637067108154296875e+02
-3.485468626022338867e+00,2.966407165527343750e+02,-5.497904968261718750e+01
5.299901962280273438e+01,1.098026123046875000e+02,8.748236083984375000e+01
-4.069471740722656250e+02,5.744818496704101562e+01,1.742367401123046875e+02
6.483412933349609375e+01,3.044443664550781250e+02,2.436533966064453125e+02
1.876392974853515625e+02,3.291191482543945312e+01,-2.919744567871093750e+02
1.638806610107421875e+02,1.684670562744140625e+02,-5.274769973754882812e+01
-2.687687683105468750e+02,1.387321166992187500e+02,2.581867675781250000e+02
-1.232809829711914062e+02,2.445167083740234375e+02,-2.753614196777343750e+02
2.718469543457031250e+02,-3.381721191406250000e+02,3.113875389099121094e+00
4.598882751464843750e+02,-1.416683807373046875e+02,1.005342041015625000e+03
-7.514995574951171875e+01,-3.219707031250000000e+02,8.609997558593750000e+01
-4.205242919921875000e+02,-6.452650451660156250e+01,6.646069335937500000e+01
6.325489425659179688e+01,3.627252502441406250e+02,1.581123657226562500e+02
2.243287963867187500e+02,-3.212405395507812500e+02,9.437054634094238281e+00
-2.201135711669921875e+02,2.108323335647583008e+00,-1.386662750244140625e+02
-1.194617614746093750e+02,1.197321395874023438e+02,-2.294846343994140625e+02
3.486864624023437500e+02,-1.155401992797851562e+02,-9.583805084228515625e+01
1.028291625976562500e+02,-3.579992353916168213e-01,-6.084372711181640625e+01
-1.890460357666015625e+02,-3.083467407226562500e+02,-1.902165069580078125e+02
2.366278686523437500e+02,3.113314208984375000e+02,-1.879316558837890625e+02
4.841127777099609375e+01,1.078335800170898438e+02,2.067940673828125000e+02
-1.044679260253906250e+02,-1.329742126464843750e+02,-2.658457946777343750e+02
-1.693905181884765625e+02,2.113084411621093750e+02,-2.481804809570312500e+02
3.507467651367187500e+01,1.655825424194335938e+01,-9.603663444519042969e+00
6.424856567382812500e+01,-1.628511047363281250e+02,3.731433715820312500e+02
-2.632423706054687500e+02,-1.078088684082031250e+02,5.050951766967773438e+01
-1.748350219726562500e+02,1.160996093750000000e+02,-4.284437179565429688e+01
3.374958801269531250e+01,1.702438354492187500e+02,-4.415575256347656250e+02
-6.029249191284179688e+01,1.975950927734375000e+02,2.560033874511718750e+02
7.984215545654296875e+01,-4.007293395996093750e+02,-8.705322265625000000e+01
1.465960216522216797e+01,2.466998443603515625e+02,-1.036022262573242188e+02
-3.490668945312500000e+02,-9.095317840576171875e+00,1.533455505371093750e+02
-2.398721008300781250e+02,1.978607788085937500e+02,-8.131889343261718750e+01
-1.439306945800781250e+02,-3.906911010742187500e+02,2.107309265136718750e+02
1.116056976318359375e+02,-2.693336296081542969e+01,-3.113925476074218750e+02
1.312606811523437500e+02,-3.650078735351562500e+02,-1.852218246459960938e+01
2.329032440185546875e+02,-1.038828430175781250e+02,3.078320922851562500e+02
-4.201283264160156250e+01,1.497486419677734375e+02,4.057557983398437500e+02
-1.001646957397460938e+02,1.425681457519531250e+02,-2.677904663085937500e+02
-1.177022018432617188e+02,-2.457299499511718750e+02,1.003941650390625000e+02
-9.827056884765625000e+01,1.819038391113281250e+02,3.458811340332031250e+02
-3.286215209960937500e+02,-6.018391036987304688e+01,-1.029937267303466797e+01
1.709628295898437500e+02,-4.142701416015625000e+02,-7.467418670654296875e+01
-1.389291687011718750e+02,6.905468702316284180e-01,9.652151489257812500e+01
8.027607727050781250e+01,3.480179977416992188e+01,1.565132446289062500e+02
-2.596252136230468750e+02,-2.867166748046875000e+02,-1.746599273681640625e+02
4.452696228027343750e+01,-1.347514801025390625e+02,2.971339416503906250e+02
1.928941040039062500e+02,1.957076644897460938e+01,7.328147888183593750e+00
-9.016982269287109375e+01,-2.763480224609375000e+02,2.638482055664062500e+02
8.763714599609375000e+01,-1.052930545806884766e+01,-1.086812744140625000e+02
3.150230026245117188e+01,-3.544977722167968750e+02,-1.691137237548828125e+02
-8.404599761962890625e+01,3.930767059326171875e+01,-3.234782409667968750e+01
-1.453846893310546875e+02,-5.754299163818359375e+00,-1.521693572998046875e+02
-4.357930297851562500e+02,-6.611463928222656250e+01,-1.751415557861328125e+02
4.421277236938476562e+01,6.486484527587890625e+01,1.776269989013671875e+02
-2.146229362487792969e+01,-1.284855194091796875e+02,-3.280215148925781250e+02
7.588519287109375000e+01,-1.264759597778320312e+02,-3.280117492675781250e+02
4.001643371582031250e+01,2.121301879882812500e+02,-2.188948516845703125e+02
-2.293044281005859375e+02,-2.706841125488281250e+02,-2.588892822265625000e+02
1.828176307678222656e+01,-2.097425689697265625e+02,-5.793172454833984375e+01
-4.148249206542968750e+02,-9.909633636474609375e+01,1.410532379150390625e+02
5.321479034423828125e+01,5.754082489013671875e+01,2.292366027832031250e+02
1.026187133789062500e+02,-2.137557983398437500e+02,7.841337585449218750e+01
2.778193359375000000e+02,-9.459423828125000000e+01,1.548391876220703125e+02
-2.252977752685546875e+02,-1.158559608459472656e+01,6.656945800781250000e+01
3.037601318359375000e+02,-9.857260131835937500e+01,-3.115466918945312500e+02
-3.130694198608398438e+01,-3.352524719238281250e+02,-1.938349914550781250e+02
-4.422046508789062500e+02,2.214621734619140625e+01,-1.927409667968750000e+02
1.416205291748046875e+02,-1.150535583496093750e+02,1.773559112548828125e+02
8.371618986129760742e-01,-3.803311767578125000e+02,-2.064080810546875000e+02
2.861115722656250000e+02,3.888877868652343750e+01,-1.964742889404296875e+02
-2.740190124511718750e+02,-1.082687854766845703e+01,2.349608039855957031e+01
2.215699577331542969e+01,2.559408721923828125e+02,-2.603985900878906250e+02
2.253198623657226562e-01,-1.147597885131835938e+02,-3.865582275390625000e+02
2.292691192626953125e+02,1.025465240478515625e+02,-2.631522216796875000e+02
-2.697141456604003906e+01,3.870718383789062500e+02,1.195987472534179688e+02
1.930661926269531250e+02,-8.877190399169921875e+01,1.022388916015625000e+02
-1.798730621337890625e+02,-5.232390594482421875e+01,-1.225908355712890625e+02
-3.710664367675781250e+02,8.081263732910156250e+01,-4.452314376831054688e+01
2.451371917724609375e+02,4.119988708496093750e+02,6.665381622314453125e+01
-1.303978424072265625e+02,7.859963226318359375e+01,-6.822851562500000000e+01
4.928231048583984375e+01,3.745142822265625000e+02,2.067594146728515625e+02
-8.721665191650390625e+01,2.898015747070312500e+02,1.913750610351562500e+02
-1.599905967712402344e+01,-1.610675048828125000e+02,2.833054809570312500e+02
2.240776977539062500e+02,2.344969024658203125e+02,-1.123323669433593750e+02
3.651193542480468750e+02,1.474081420898437500e+02,2.000620574951171875e+02
1.568415374755859375e+02,-1.244720916748046875e+02,7.434539794921875000e+01
-4.145072631835937500e+02,2.588125467300415039e+00,9.853471374511718750e+01
2.021778869628906250e+02,-4.111206436157226562e+01,-1.259511566162109375e+02
-8.458822631835937500e+01,-1.773255157470703125e+02,-2.906415710449218750e+02
-1.394653167724609375e+02,5.310990905761718750e+01,3.525543823242187500e+02
1.898564758300781250e+02,-3.170109252929687500e+02,-7.451139831542968750e+01
-5.813245010375976562e+01,3.060567016601562500e+02,-2.276002349853515625e+02
7.807204437255859375e+01,-4.228563842773437500e+02,-1.348213500976562500e+02
-1.338739929199218750e+02,-8.778531646728515625e+01,2.592579956054687500e+02
3.714377746582031250e+02,-1.085528793334960938e+02,4.613609313964843750e+01
2.602000427246093750e+01,1.482517395019531250e+02,1.759865875244140625e+02
8.337331390380859375e+01,-2.074735412597656250e+02,2.761001586914062500e+02
-1.133247604370117188e+02,-7.149605560302734375e+01,3.565079879760742188e+01
3.918526840209960938e+01,-3.856551742553710938e+01,1.077708282470703125e+02
-8.384470367431640625e+01,1.981339569091796875e+02,-2.730998229980468750e+02
-1.660112152099609375e+02,-7.993618011474609375e+00,2.635275268554687500e+02
1.554440212249755859e+01,-1.581379547119140625e+02,-1.511522102355957031e+01
2.146538391113281250e+02,1.760293731689453125e+02,7.300437927246093750e+00
2.549720573425292969e+01,8.597455596923828125e+01,4.957154083251953125e+01
4.459178543090820312e+01,-1.681500244140625000e+02,-1.046870117187500000e+02
2.416443786621093750e+02,2.281688842773437500e+02,1.173075942993164062e+02
-2.748407897949218750e+02,1.980014610290527344e+01,6.417904663085937500e+01
8.785136413574218750e+01,2.825981140136718750e+02,-4.826708602905273438e+01
-3.450169677734375000e+02,6.752038574218750000e+01,-8.868717956542968750e+01
2.884735107421875000e+02,2.475638580322265625e+02,5.298723983764648438e+01
2.650409545898437500e+02,1.102953872680664062e+02,3.280240478515625000e+02
2.408244514465332031e+01,1.908415794372558594e+01,1.575360107421875000e+02
9.167028808593750000e+01,2.433745727539062500e+02,2.526344909667968750e+02
-2.951868591308593750e+02,-1.486456298828125000e+02,4.863828277587890625e+01
2.127407789230346680e+00,-1.452188720703125000e+02,-1.186385879516601562e+02
-3.304143905639648438e+01,-1.542841644287109375e+02,-1.874489288330078125e+02
4.184522399902343750e+02,-4.088081741333007812e+01,-8.079593658447265625e+01
4.396906280517578125e+01,-1.628182525634765625e+02,-1.551518249511718750e+02
1.794308624267578125e+02,1.668055267333984375e+02,4.176605987548828125e+01
2.229757385253906250e+02,4.202815246582031250e+01,2.892280883789062500e+02
6.883469390869140625e+01,1.709256286621093750e+02,-1.597597656250000000e+02
-7.244647979736328125e+01,-2.286534576416015625e+02,3.549259338378906250e+02
3.806192016601562500e+02,-1.997460174560546875e+02,3.004083061218261719e+01
9.333497619628906250e+01,-6.381694412231445312e+01,-3.937672119140625000e+02
-1.110716705322265625e+02,2.174848175048828125e+02,1.591493988037109375e+02
-5.325122451782226562e+01,-1.382738342285156250e+02,3.140955505371093750e+02
-1.221736450195312500e+02,1.916149139404296875e+02,-2.349195251464843750e+02
1.438090820312500000e+02,4.271448669433593750e+02,-6.983037567138671875e+01
2.032922515869140625e+02,4.096514282226562500e+02,-1.383629302978515625e+02
2.649213867187500000e+02,2.078071594238281250e+02,7.680870819091796875e+01
2.704709472656250000e+02,3.442068481445312500e+02,-1.708243865966796875e+02
-1.389373626708984375e+02,1.048385467529296875e+02,4.248064270019531250e+02
1.686707000732421875e+02,3.910186157226562500e+02,-9.333363342285156250e+01
6.392052459716796875e+01,-1.233846759796142578e+01,1.554203338623046875e+02
-1.015466384887695312e+02,-1.586924743652343750e+02,3.134523010253906250e+02
2.946201896667480469e+01,-1.689859161376953125e+02,3.279207153320312500e+02
-2.459129333496093750e+01,-2.122132110595703125e+02,2.852417602539062500e+02
1.971947326660156250e+02,-2.873706054687500000e+01,-1.776978607177734375e+02
3.247986450195312500e+02,-7.757721710205078125e+01,1.739067535400390625e+02
9.252069854736328125e+01,2.868421325683593750e+02,2.881584777832031250e+02
2.394565582275390625e+02,5.116377639770507812e+01,-1.727100219726562500e+02
9.633061981201171875e+01,3.250918197631835938e+01,2.037849731445312500e+02
-1.074647521972656250e+02,-6.742688751220703125e+01,8.579263305664062500e+01
2.781844482421875000e+02,-9.572718811035156250e+01,1.010681152343750000e+02
2.662298889160156250e+02,2.195527267456054688e+01,-2.388448638916015625e+02
4.660929565429687500e+02,-3.976028823852539062e+01,-1.038677215576171875e+02
-3.697146301269531250e+02,9.044949340820312500e+01,1.609520568847656250e+02
-1.190876922607421875e+02,-1.734835624694824219e+01,1.463391571044921875e+02
-9.680251312255859375e+01,2.570476989746093750e+02,-2.280792694091796875e+02
-3.797307739257812500e+02,-1.260391311645507812e+02,2.145990180969238281e+01
-9.386071014404296875e+01,3.421637573242187500e+02,-2.216677093505859375e+02
-3.346036071777343750e+02,-1.570751495361328125e+02,9.811817169189453125e+00
1.925924420356750488e+00,-2.074128417968750000e+02,-9.414777755737304688e+00
2.920443534851074219e+00,-1.974803924560546875e+02,-1.061410369873046875e+02
-3.538441085815429688e+01,-2.989687805175781250e+02,-1.790417313575744629e+00
-5.294666671752929688e+01,1.019300003051757812e+02,3.324702453613281250e+02
2.590001220703125000e+02,1.536616363525390625e+02,1.024896907806396484e+01
-2.173138999938964844e+01,-1.146062698364257812e+02,-8.411692810058593750e+01
3.417328491210937500e+02,-1.530207061767578125e+02,1.263739700317382812e+02
1.597057800292968750e+02,-1.144228553771972656e+01,-2.812332763671875000e+02
-3.710590898990631104e-01,-1.625754089355468750e+02,-6.763018035888671875e+01
4.882979202270507812e+01,3.072101745605468750e+02,-3.580949401855468750e+01
2.429544982910156250e+02,1.505030632019042969e+00,-1.866349792480468750e+02
1.263900604248046875e+02,1.187783889770507812e+02,4.637694396972656250e+02
2.517423095703125000e+02,7.057232666015625000e+01,-2.204982757568359375e+02
1.251194305419921875e+02,-1.718629760742187500e+02,5.219543838500976562e+01
1.863816680908203125e+02,-8.081177520751953125e+01,-1.536252441406250000e+02
4.050112915039062500e+02,-1.462327880859375000e+02,5.749696350097656250e+01
7.483923339843750000e+01,-2.695142517089843750e+02,1.141129913330078125e+02
3.785873031616210938e+01,-5.945567703247070312e+01,-3.803424377441406250e+02
-6.770821380615234375e+01,-1.019287719726562500e+02,5.060244750976562500e+01
-4.964593505859375000e+01,-1.075625228881835938e+02,-3.688972473144531250e+02
-1.246961288452148438e+02,1.442712097167968750e+02,3.839727478027343750e+02
1.201123275756835938e+02,-8.131796264648437500e+01,-3.287125854492187500e+02
-3.177347183227539062e+01,-2.494796905517578125e+02,-1.849184989929199219e+01
8.626854705810546875e+01,-1.344991607666015625e+02,3.322142944335937500e+02
-6.877717590332031250e+01,-1.680940551757812500e+02,2.715205078125000000e+02
-1.009628448486328125e+02,-2.444182891845703125e+02,3.103000450134277344e+01
4.566902770996093750e+02,-6.439365386962890625e+01,-6.081063079833984375e+01
-3.225039672851562500e+02,-3.041563606262207031e+01,3.231449508666992188e+01
2.127630615234375000e+02,-4.325112915039062500e+01,3.871341857910156250e+02
9.954246520996093750e+01,-4.731347656250000000e+01,-7.736099243164062500e+01
1.785425186157226562e+01,-4.030699768066406250e+02,5.896720409393310547e+00
9.347315979003906250e+01,-3.783579254150390625e+01,-2.813913154602050781e+01
2.332785186767578125e+02,-8.373705291748046875e+01,1.863244476318359375e+02
3.272797546386718750e+02,-1.284345550537109375e+02,1.167351245880126953e+01
2.584586486816406250e+02,-1.274545593261718750e+02,1.874860992431640625e+02
-1.983714485168457031e+01,-1.238800811767578125e+02,-3.378746032714843750e+01
-1.027846145629882812e+02,-2.014556579589843750e+02,2.288398132324218750e+02
1.900740814208984375e+02,-2.087905311584472656e+01,-8.327484130859375000e+01
2.634683799743652344e+01,-1.054306335449218750e+02,-1.024944076538085938e+02
2.782448730468750000e+02,2.130635986328125000e+02,-9.867224121093750000e+01
-4.494756469726562500e+02,1.076781845092773438e+01,1.396506652832031250e+02
2.147632598876953125e+02,1.673538055419921875e+02,-1.603256835937500000e+02
4.312934494018554688e+01,-1.193260803222656250e+02,3.541650695800781250e+02
-1.886171417236328125e+02,-2.369384384155273438e+01,-1.623778533935546875e+02
-1.191774129867553711e+00,2.448836975097656250e+02,-4.611448669433593750e+01
-3.760310363769531250e+02,-3.075696945190429688e+01,1.962189178466796875e+02
1.458920440673828125e+02,3.287588195800781250e+02,2.285033721923828125e+02
-2.973324890136718750e+02,1.915139770507812500e+02,-1.752374076843261719e+01
2.406289978027343750e+02,-3.204791564941406250e+02,-4.707675933837890625e+01
2.918023681640625000e+02,-1.693566703796386719e+01,-1.701797332763671875e+02
1.665009460449218750e+02,1.565565795898437500e+02,2.432182922363281250e+02
1.933085327148437500e+02,1.809819946289062500e+02,3.248767395019531250e+02
-3.667243957519531250e+02,9.099646759033203125e+01,-1.301456298828125000e+02
-3.925521240234375000e+02,8.215292358398437500e+01,-8.889122009277343750e+01
-3.174691772460937500e+02,8.366985321044921875e+01,2.380722808837890625e+02
-3.389840087890625000e+02,1.214485092163085938e+02,2.158388214111328125e+02
-8.160580444335937500e+01,-3.062770080566406250e+02,-2.012306365966796875e+02
-1.219282989501953125e+02,-3.612938842773437500e+02,-2.684512634277343750e+02
2.412656097412109375e+02,-6.546406745910644531e+00,-1.034878005981445312e+02
2.425217437744140625e+02,-3.381863021850585938e+01,-1.500934143066406250e+02
-2.372587585449218750e+02,4.799331283569335938e+01,-2.041546020507812500e+02
-1.994675292968750000e+02,-8.225115776062011719e+00,-2.960680541992187500e+02
-3.915464782714843750e+02,-5.895862197875976562e+01,-2.034375000000000000e+02
1.717027587890625000e+02,3.569664916992187500e+02,8.790942382812500000e+01
1.908245086669921875e+02,4.385188903808593750e+02,-9.277867126464843750e+01
-2.619745178222656250e+02,-1.080132980346679688e+02,2.544152374267578125e+02
1.166595611572265625e+02,2.886431274414062500e+02,2.445057220458984375e+02
1.428468627929687500e+02,3.162883605957031250e+02,2.799212036132812500e+02
3.266173171997070312e+01,-5.944938659667968750e+01,-3.267571105957031250e+02
5.560479736328125000e+01,-1.046767196655273438e+02,-3.971339721679687500e+02
-1.229647064208984375e+02,2.532111968994140625e+02,1.940780334472656250e+02
-1.338508758544921875e+02,3.000677490234375000e+02,2.135787658691406250e+02
-2.706493949890136719e+01,-2.186928863525390625e+02,4.389366912841796875e+01
-1.017809906005859375e+02,7.647587585449218750e+01,9.005404663085937500e+01
-2.499183959960937500e+02,-2.534107398986816406e+01,-3.082668457031250000e+02
-2.855443725585937500e+02,4.500966262817382812e+01,-2.868683471679687500e+02
-8.783921813964843750e+01,4.052478408813476562e+01,-6.643354034423828125e+01
-8.588664245605468750e+01,7.347930908203125000e+01,-2.930962944030761719e+01
1.984277038574218750e+02,3.020837974548339844e+01,-3.481060180664062500e+02
1.579301605224609375e+02,6.015201950073242188e+01,-3.290792236328125000e+02
-7.642569732666015625e+01,2.890155334472656250e+02,9.620632934570312500e+01
-8.894067382812500000e+01,3.166832580566406250e+02,1.379417572021484375e+02
-3.185160217285156250e+02,1.681696166992187500e+02,-6.611872863769531250e+01
-3.370111083984375000e+02,2.169546813964843750e+02,-7.378251647949218750e+01
-1.611965942382812500e+02,-3.205283508300781250e+02,-2.811093750000000000e+02
-1.743018188476562500e+02,-3.424947814941406250e+02,-2.334054260253906250e+02
5.681002426147460938e+01,4.115599670410156250e+02,-4.846166610717773438e+01
8.544321441650390625e+01,3.922401733398437500e+02,-7.629734039306640625e+00
-3.573085937500000000e+02,2.840216827392578125e+01,-1.282718353271484375e+02
-3.889410705566406250e+02,-7.906037330627441406e+00,-1.074441070556640625e+02
4.058276367187500000e+02,-1.743899841308593750e+02,-1.078661651611328125e+02
3.637794799804687500e+02,-1.549223022460937500e+02,-1.229515991210937500e+02
3.551800842285156250e+02,6.412606811523437500e+01,6.023332214355468750e+01
2.642649230957031250e+02,2.426525878906250000e+02,-1.495869598388671875e+02
1.493468627929687500e+02,3.624986572265625000e+02,-5.466994476318359375e+01
1.198827209472656250e+02,3.863866271972656250e+02,-1.065180664062500000e+02
-4.035847778320312500e+02,1.262786483764648438e+02,-1.071675109863281250e+02
-4.169254760742187500e+02,1.101537628173828125e+02,-5.823250579833984375e+01
-3.756194152832031250e+02,2.768060493469238281e+01,-7.047700500488281250e+01
-2.882429199218750000e+02,2.117895202636718750e+02,-6.161205291748046875e+01
2.813665771484375000e+02,1.587268981933593750e+02,7.793929290771484375e+01
2.170379400253295898e+00,4.286451110839843750e+02,3.236546325683593750e+01
-4.196973266601562500e+02,5.065187072753906250e+01,-5.633064651489257812e+01
3.574812698364257812e+01,1.016763153076171875e+02,1.525841369628906250e+02
-4.574021100997924805e-01,1.019513626098632812e+02,1.894194641113281250e+02
2.366750030517578125e+02,1.762110137939453125e+02,1.075303039550781250e+02
2.376547393798828125e+02,2.501689453125000000e+02,6.774095153808593750e+01
-3.480887145996093750e+02,1.890649566650390625e+02,-2.764569473266601562e+01
1.646506042480468750e+02,-2.205853424072265625e+02,-2.422498931884765625e+02
1.081039505004882812e+02,-2.789516601562500000e+02,1.141435394287109375e+02
7.830671691894531250e+01,-2.356443634033203125e+02,1.198872604370117188e+02
-3.055301208496093750e+02,1.539592742919921875e+02,2.303265228271484375e+02
-3.492783203125000000e+02,-1.146010665893554688e+02,-2.151536178588867188e+01
-3.431654357910156250e+02,-7.895704650878906250e+01,5.371967315673828125e+01
2.488235778808593750e+02,2.119027252197265625e+02,2.544247817993164062e+01
2.336579437255859375e+02,1.709520416259765625e+02,5.475306320190429688e+01
1.320611114501953125e+02,2.496335449218750000e+02,2.170103149414062500e+02
1.658753509521484375e+02,2.773058471679687500e+02,2.492784576416015625e+02
-2.620379028320312500e+02,1.829035491943359375e+02,1.215289077758789062e+02
-2.092397918701171875e+02,1.808581390380859375e+02,9.692603302001953125e+01
-3.135556030273437500e+02,4.219017791748046875e+01,2.066006622314453125e+02
-3.515002746582031250e+02,4.036598205566406250e+01,2.442472534179687500e+02
3.439704895019531250e+02,5.859523391723632812e+01,2.082137298583984375e+02
-2.768972473144531250e+02,1.095186309814453125e+02,2.189234924316406250e+02
4.722835922241210938e+01,-1.474911346435546875e+02,-3.689811706542968750e+02
3.199410438537597656e+01,-1.049987411499023438e+02,-3.507035522460937500e+02
-6.502169036865234375e+01,1.541205291748046875e+02,-5.158262252807617188e+01
-1.297033996582031250e+02,1.383728179931640625e+02,6.828166007995605469e+00
1.550056762695312500e+02,-2.265615081787109375e+02,6.687052154541015625e+01
1.314814605712890625e+02,-2.329941558837890625e+02,1.171933746337890625e+02
-1.930393066406250000e+02,-2.322864074707031250e+02,-1.412256164550781250e+02
-2.442141113281250000e+02,-2.596507873535156250e+02,-1.277186737060546875e+02
-4.483827209472656250e+02,6.440633392333984375e+01,-9.821381378173828125e+01
-4.035539550781250000e+02,4.096574783325195312e+01,-1.115688476562500000e+02
1.229883193969726562e+02,-1.716433258056640625e+02,3.478900451660156250e+02
9.586459350585937500e+01,-2.121385803222656250e+02,3.632791748046875000e+02
-8.255121231079101562e+00,3.507024841308593750e+02,1.470786132812500000e+02
-3.101292228698730469e+01,3.900127258300781250e+02,1.723729095458984375e+02
-7.002411651611328125e+01,-2.727028198242187500e+02,6.683248901367187500e+01
-2.301759529113769531e+01,-2.607061767578125000e+02,7.792817687988281250e+01
-2.203686714172363281e+01,-2.305610504150390625e+02,3.321895446777343750e+02
-6.211465835571289062e+01,-1.950127258300781250e+02,3.161269836425781250e+02
3.190003051757812500e+02,9.760726928710937500e+01,2.254210815429687500e+02
1.910538787841796875e+02,1.910727539062500000e+02,-1.187500915527343750e+02
2.340223083496093750e+02,1.827252044677734375e+02,-9.358540344238281250e+01
-1.950564880371093750e+02,-1.023836059570312500e+02,-1.200674514770507812e+02
-2.024146270751953125e+02,-8.372879028320312500e+01,-7.353999328613281250e+01
4.976696777343750000e+01,-2.630987243652343750e+02,-1.244792175292968750e+02
-2.800547790527343750e+02,-2.861252021789550781e+01,7.765767669677734375e+01
-1.163773155212402344e+01,-1.680020599365234375e+02,-2.842262878417968750e+02
-4.608987045288085938e+01,-1.945814056396484375e+02,-2.645675354003906250e+02
6.721862316131591797e+00,3.481710052490234375e+01,-2.979549255371093750e+02
2.673865966796875000e+02,1.484914245605468750e+02,-7.458967590332031250e+01
3.354446411132812500e+02,1.786802520751953125e+02,9.550981903076171875e+01
2.944633483886718750e+02,1.896670989990234375e+02,1.226420211791992188e+02
-2.173237609863281250e+02,4.583349990844726562e+01,2.983743591308593750e+02
-2.490086212158203125e+02,3.201761245727539062e+01,3.370953979492187500e+02
-2.514980773925781250e+02,-3.820823287963867188e+01,-2.326004333496093750e+02
-2.631327209472656250e+02,3.253969669342041016e+00,-2.073012084960937500e+02
2.464308013916015625e+02,3.621173095703125000e+01,5.976469421386718750e+01
-1.576167602539062500e+02,2.640982360839843750e+02,-2.422327728271484375e+02
2.616664123535156250e+02,-3.881833648681640625e+01,-2.076051330566406250e+02
-2.616370239257812500e+02,6.603910064697265625e+01,2.393347320556640625e+02
-3.290114440917968750e+02,8.228973388671875000e+01,2.939743347167968750e+02
2.575629882812500000e+02,-2.865436401367187500e+02,-1.396426200866699219e+01
-1.372005310058593750e+02,3.146807250976562500e+02,-5.095326232910156250e+01
1.235297241210937500e+02,-4.060016479492187500e+02,-5.481661605834960938e+01
9.025788879394531250e+01,1.064058837890625000e+02,4.483449172973632812e+01
4.824689865112304688e+01,1.276462631225585938e+02,2.660432815551757812e+01
2.256752319335937500e+02,3.987060241699218750e+02,-9.079976654052734375e+01
1.990540924072265625e+02,3.602198486328125000e+02,-1.172431945800781250e+02
-2.990817565917968750e+02,4.528174209594726562e+01,2.696040344238281250e+02
-3.235289611816406250e+02,1.281148376464843750e+02,2.709635009765625000e+02
-1.359252643585205078e+01,-1.183914089202880859e+01,-2.117834625244140625e+02
2.623712463378906250e+02,1.895994720458984375e+02,-1.861309661865234375e+02
-5.318124771118164062e+01,-4.271395492553710938e+01,1.280302429199218750e+02
-5.358784103393554688e+01,-9.345957183837890625e+01,1.326606750488281250e+02
-1.514539794921875000e+02,1.598051910400390625e+02,-3.255923461914062500e+01
-1.546880035400390625e+02,1.430835876464843750e+02,-8.220355987548828125e+01
-1.487629699707031250e+02,3.296918334960937500e+02,1.393899841308593750e+02
-1.259830703735351562e+02,3.006174011230468750e+02,1.008932418823242188e+02
-1.843437194824218750e+02,-1.883828277587890625e+02,2.650132751464843750e+01
-3.341567611694335938e+01,-8.652285003662109375e+01,-2.960597534179687500e+02
-1.474557952880859375e+02,-3.808494949340820312e+01,6.278560256958007812e+01
-1.019511032104492188e+02,-6.659902191162109375e+01,1.378414764404296875e+02
4.924174118041992188e+01,-6.261188507080078125e+01,1.502247009277343750e+02
7.083101749420166016e+00,-3.050628280639648438e+01,1.480571594238281250e+02
2.824276123046875000e+02,1.291503753662109375e+02,2.524015045166015625e+02
2.839017333984375000e+02,4.955369949340820312e+01,2.193506774902343750e+02
1.178254241943359375e+02,1.875250396728515625e+02,2.565831909179687500e+02
1.505980072021484375e+02,2.161047058105468750e+02,3.267747192382812500e+02
-1.236272811889648438e+02,-2.769472351074218750e+02,1.507354736328125000e+02
-8.928716278076171875e+01,-3.148291625976562500e+02,1.551353302001953125e+02
1.000306015014648438e+02,-2.884014587402343750e+02,1.772558288574218750e+02
2.493677368164062500e+02,3.805938720703125000e+02,-1.392063446044921875e+02
4.024524536132812500e+02,-1.718866271972656250e+02,-1.229050731658935547e+01
-1.633982696533203125e+02,2.245188331604003906e+01,1.339531555175781250e+02
3.196994323730468750e+02,5.449868392944335938e+01,2.619612731933593750e+02
-2.938683471679687500e+02,1.177125625610351562e+02,3.204726257324218750e+02
2.562296676635742188e+01,3.755497741699218750e+02,1.175727615356445312e+02
2.579218139648437500e+02,2.772199707031250000e+02,-1.115162506103515625e+02
8.061797332763671875e+01,-2.475863647460937500e+01,2.003339843750000000e+02
-2.617406311035156250e+02,-2.510700836181640625e+02,-2.164940338134765625e+02
1.343539333343505859e+01,-1.212272033691406250e+02,-1.610189971923828125e+02
-2.670601806640625000e+02,-1.690575714111328125e+02,-1.405967712402343750e+02
4.213388061523437500e+02,-2.392076110839843750e+01,-1.248453903198242188e+02
2.824268341064453125e+01,-1.231168975830078125e+02,-5.473468017578125000e+01
-3.730729370117187500e+02,-6.210973739624023438e+01,1.509577178955078125e+02
-4.123935699462890625e+01,-1.706197662353515625e+02,-1.196268615722656250e+02
1.275790557861328125e+02,3.019727783203125000e+02,1.881201324462890625e+02
-2.341933898925781250e+02,-3.000731811523437500e+02,-2.182555541992187500e+02
1.669888000488281250e+02,-3.474294128417968750e+02,-1.182961883544921875e+02
2.851954650878906250e+02,-1.436532592773437500e+02,1.312418365478515625e+02
-1.158108215332031250e+02,-1.165540313720703125e+02,6.225646972656250000e+01
-1.666983642578125000e+02,2.763895263671875000e+02,1.285552673339843750e+02
1.564759063720703125e+02,3.774918518066406250e+02,-1.451928253173828125e+02
-2.503491973876953125e+02,-8.457770538330078125e+01,3.466386318206787109e+00
-5.119636917114257812e+01,1.420405273437500000e+02,-2.749694213867187500e+02
-8.491662597656250000e+01,1.794901580810546875e+02,3.973863830566406250e+02
3.557045288085937500e+02,1.530508804321289062e+01,-1.760588264465332031e+01
-1.161059494018554688e+02,9.439945983886718750e+01,3.795125732421875000e+02
4.523159027099609375e+00,3.077624206542968750e+02,1.711011505126953125e+02
1.566157379150390625e+02,-2.158762207031250000e+02,1.618861846923828125e+02
-2.216801757812500000e+02,-3.263483810424804688e+01,1.521784667968750000e+02
1.627486114501953125e+02,-5.838998794555664062e+01,2.988676757812500000e+02
2.697562561035156250e+02,2.906100273132324219e+01,2.653840637207031250e+02
7.070835113525390625e+01,-8.204033660888671875e+01,-3.011869201660156250e+02
-3.861341552734375000e+02,3.052215576171875000e+01,1.338668975830078125e+02
2.335864562988281250e+02,6.851757812500000000e+01,3.359857482910156250e+02
-2.374994506835937500e+02,2.776924705505371094e+01,-2.968225708007812500e+02
3.390357666015625000e+02,2.206510009765625000e+02,1.357151641845703125e+02
1.981379394531250000e+02,-3.513172607421875000e+02,-3.849270629882812500e+01
1.421446704864501953e+01,2.168863677978515625e+02,-1.719247894287109375e+02
1.864637908935546875e+02,-2.730831298828125000e+02,1.463933868408203125e+02
-4.023812255859375000e+02,-4.146016693115234375e+01,-2.531083221435546875e+02
2.494686431884765625e+02,1.822681579589843750e+02,-3.411953735351562500e+01
1.648117675781250000e+02,-3.992601623535156250e+02,-1.264366760253906250e+02
1.227141952514648438e+02,-3.495451965332031250e+02,-1.468610839843750000e+02
1.066192436218261719e+01,3.391096496582031250e+02,-2.814214897155761719e+01
-4.527933349609375000e+02,-8.642803955078125000e+01,1.035551757812500000e+02
1.150468750000000000e+02,-1.665115509033203125e+02,2.919393615722656250e+02
3.133519172668457031e+01,-3.996456298828125000e+02,1.365312347412109375e+02
1.402802581787109375e+02,2.319463043212890625e+02,2.707998352050781250e+02
2.290684051513671875e+02,-6.047479248046875000e+01,1.353184814453125000e+02
-1.654431457519531250e+02,-9.735629081726074219e+00,-9.933231353759765625e+01
3.749444580078125000e+01,-2.787442588806152344e+01,2.349178009033203125e+02
2.214324951171875000e+01,3.923403015136718750e+02,1.662554321289062500e+02
4.431229248046875000e+02,1.040466766357421875e+02,6.933464050292968750e+01
2.782787475585937500e+02,-6.895273590087890625e+01,-1.641060638427734375e+02
-9.471640014648437500e+01,2.067132415771484375e+02,2.111167907714843750e+02
1.861057281494140625e+02,-2.263608398437500000e+02,1.121406097412109375e+02
1.901849517822265625e+02,1.290870971679687500e+02,2.877145080566406250e+02
1.631690521240234375e+02,-1.681006431579589844e+01,-3.727965393066406250e+02
3.589486389160156250e+02,-1.563951873779296875e+02,-2.895811080932617188e+01
1.047622299194335938e+01,-1.526046447753906250e+02,3.775346374511718750e+02
2.397288665771484375e+02,2.201656532287597656e+01,-2.944226989746093750e+02
-1.907495269775390625e+02,-1.577850532531738281e+01,1.093475723266601562e+02
1.500572586059570312e+01,-1.643104858398437500e+02,-3.276582946777343750e+02
2.131719055175781250e+02,1.285617370605468750e+02,2.872583198547363281e+01
8.789033508300781250e+01,-1.201799926757812500e+02,1.337907867431640625e+02
-1.839063262939453125e+02,-6.841503143310546875e+01,1.273288955688476562e+02
-1.544622192382812500e+02,1.548759155273437500e+02,-2.596904296875000000e+02
2.484248199462890625e+02,-1.523742370605468750e+02,-2.328047485351562500e+02
2.733946037292480469e+01,-4.096962890625000000e+02,-2.344297943115234375e+02
2.492067565917968750e+02,3.262702331542968750e+02,1.646272277832031250e+02
2.351003112792968750e+02,-1.140912933349609375e+02,1.367556610107421875e+02
-8.325781250000000000e+01,-2.717095031738281250e+02,-9.197415351867675781e+00
-4.212127304077148438e+01,1.978217773437500000e+02,4.941019439697265625e+01
-3.080432434082031250e+02,-1.045069274902343750e+02,7.795950317382812500e+01
6.181619644165039062e+01,-7.347835540771484375e+01,-1.576989288330078125e+02
5.894263839721679688e+01,3.615718994140625000e+02,-4.547611999511718750e+01
2.065917663574218750e+02,3.656700134277343750e+02,-1.676896362304687500e+02
-1.523550720214843750e+02,-4.850857162475585938e+01,-1.828833770751953125e+02
-3.139332275390625000e+02,1.376621551513671875e+02,-1.139140853881835938e+02
-1.186086578369140625e+02,-2.849528198242187500e+02,6.219151687622070312e+01
-1.120714950561523438e+02,1.228470458984375000e+02,-4.974734115600585938e+01
7.587683868408203125e+01,2.865931701660156250e+02,-1.974199218750000000e+02
-1.369457702636718750e+02,9.268800354003906250e+01,-1.478841495513916016e+01
1.867936859130859375e+02,4.053616027832031250e+02,-4.683160781860351562e+01
3.607549285888671875e+01,-4.088933410644531250e+02,-1.736041107177734375e+02
-1.626044769287109375e+02,-5.192639160156250000e+01,-6.964311218261718750e+01
-7.653481292724609375e+01,-2.907507019042968750e+02,-2.503090515136718750e+02
1.217721462249755859e+01,-3.372359924316406250e+02,-2.262335357666015625e+02
1.944631195068359375e+02,1.434813537597656250e+02,-9.961564636230468750e+01
-1.277335205078125000e+02,-2.772768249511718750e+02,-2.745530395507812500e+02
-8.378887176513671875e+01,6.220191574096679688e+01,-2.106287994384765625e+02
5.579215240478515625e+01,3.449941406250000000e+02,3.275467634201049805e+00
3.663290710449218750e+02,1.745314178466796875e+02,1.463108978271484375e+02
2.595920104980468750e+02,2.462142486572265625e+02,-1.991531372070312500e+02
4.049920043945312500e+02,-1.216564102172851562e+02,-1.223064804077148438e+02
-3.970751037597656250e+02,3.496005249023437500e+01,-1.634655303955078125e+02
-4.281187744140625000e+02,-1.132751083374023438e+02,5.341938400268554688e+01
4.588745498657226562e+01,3.031040954589843750e+02,-2.499802093505859375e+02
-8.602746582031250000e+01,-2.785895385742187500e+02,1.160775833129882812e+02
1.215106277465820312e+02,-3.781913757324218750e+01,-3.591375732421875000e+02
-7.905949401855468750e+01,-2.199034881591796875e+02,2.785782165527343750e+02
2.037036285400390625e+02,-1.668281860351562500e+02,-6.779982757568359375e+01
3.107072143554687500e+02,-1.685877990722656250e+02,-2.359623718261718750e+01
1.013290328979492188e+02,3.443699035644531250e+02,-7.642313385009765625e+01
1.952711334228515625e+02,-4.690754699707031250e+01,1.747781219482421875e+02
-2.088016815185546875e+02,5.789226150512695312e+01,3.509210815429687500e+02
7.554066467285156250e+01,1.026640853881835938e+02,3.859118652343750000e+02
1.707690124511718750e+02,-3.964942321777343750e+02,-2.163726425170898438e+01
2.721463966369628906e+01,3.175150146484375000e+02,-2.043706817626953125e+02
-3.966126632690429688e+01,-3.683505554199218750e+02,-2.278969268798828125e+02
-3.960215454101562500e+02,-1.544727935791015625e+02,6.192601394653320312e+01
-5.793873977661132812e+01,-3.705436401367187500e+02,-2.760752563476562500e+02
1.827971038818359375e+02,1.149944305419921875e+02,-4.931135940551757812e+01
-2.116565093994140625e+02,3.111596107482910156e+01,9.189147186279296875e+01
1.493591003417968750e+02,4.276035156250000000e+02,-1.262075347900390625e+02
1.795219879150390625e+02,-2.571330566406250000e+02,1.970590667724609375e+02
3.301030578613281250e+02,-1.195707092285156250e+02,-4.166376113891601562e+01
5.444979095458984375e+01,7.509002685546875000e+01,1.058235073089599609e+01
-1.886590270996093750e+02,4.065671157836914062e+01,-2.245551910400390625e+02
-4.931442439556121826e-01,7.819951629638671875e+01,-1.841455688476562500e+02
-6.878570556640625000e+01,7.902342987060546875e+01,-1.542622528076171875e+02
1.294070601463317871e+00,3.537537536621093750e+02,1.977668304443359375e+02
2.874875488281250000e+02,1.677601928710937500e+02,-1.281492462158203125e+02
-2.522225189208984375e+02,7.963203430175781250e+01,3.103506469726562500e+02
-3.664216918945312500e+02,9.216459655761718750e+01,2.543354644775390625e+02
-5.374196243286132812e+01,-2.422118988037109375e+02,1.198913650512695312e+02
1.968566741943359375e+02,2.209149780273437500e+02,2.150841903686523438e+01
7.659473419189453125e+01,3.742857742309570312e+01,-2.412499237060546875e+01
2.057754974365234375e+02,-1.303008880615234375e+02,1.776717987060546875e+02
1.286957244873046875e+02,3.246386718750000000e+01,-2.947970581054687500e+02
-5.030152893066406250e+01,-2.591396179199218750e+02,2.658789443969726562e+01
-6.060274124145507812e+01,-2.539291992187500000e+02,3.108025207519531250e+02
1.566767425537109375e+02,8.368484497070312500e+00,-3.281506042480468750e+02
-1.169250259399414062e+02,-2.860424194335937500e+02,2.113012695312500000e+02
-1.155595550537109375e+02,-2.511802673339843750e+02,3.006824951171875000e+02
-1.594019699096679688e+01,2.526408691406250000e+02,-2.234985656738281250e+02
1.302512550354003906e+01,-8.796164703369140625e+01,7.592140960693359375e+01
-1.866097831726074219e+01,2.928174438476562500e+02,-1.899299774169921875e+02
3.865317153930664062e+01,2.692445678710937500e+02,-6.363591766357421875e+01
1.159687194824218750e+02,-2.605708618164062500e+02,6.465019989013671875e+01
-8.265556335449218750e+01,-2.462417755126953125e+02,2.126639404296875000e+02
-2.815216064453125000e+02,9.460131835937500000e+01,2.757892761230468750e+02
4.921946716308593750e+01,-1.704152374267578125e+02,-5.120547103881835938e+01
-1.161499862670898438e+02,-1.763727874755859375e+02,-8.064907836914062500e+01
-4.994420242309570312e+01,4.066408996582031250e+02,-1.680759191513061523e+00
-8.191693115234375000e+01,-3.078582458496093750e+02,3.079026031494140625e+01
3.129777832031250000e+02,1.016123123168945312e+02,2.863124389648437500e+02
2.384714965820312500e+02,-2.680875854492187500e+02,-6.573076629638671875e+01
-9.427493286132812500e+01,3.013898315429687500e+02,-3.059806823730468750e+02
7.693065643310546875e+01,-2.377929840087890625e+02,3.220955505371093750e+02
1.067809677124023438e+02,-1.143670578002929688e+02,7.097607421875000000e+01
2.687243652343750000e+02,1.677829933166503906e+01,-1.411380004882812500e+02
-5.996323776245117188e+01,-1.470244903564453125e+02,-2.443968200683593750e+02
-2.923074645996093750e+02,6.350945281982421875e+01,3.314880371093750000e+02
5.282309532165527344e+00,-8.042755889892578125e+01,1.303282165527343750e+02
-5.963199615478515625e+01,-6.638378143310546875e+01,8.445240020751953125e+01
7.738378906250000000e+01,-1.842742767333984375e+02,3.240160522460937500e+02
3.100873107910156250e+02,8.343632507324218750e+01,1.762707366943359375e+02
-2.798264465332031250e+02,-4.639151382446289062e+01,-1.366045379638671875e+01
2.538462257385253906e+01,-1.144832763671875000e+02,-3.047145080566406250e+02
-7.089789581298828125e+01,2.256270294189453125e+02,3.354083557128906250e+02
-9.524527740478515625e+01,-2.342859802246093750e+02,1.585100555419921875e+02
2.531023597717285156e+01,-2.016966247558593750e+02,3.652144470214843750e+02
1.795611267089843750e+02,-4.461935806274414062e+01,1.256447830200195312e+02
-3.185576171875000000e+02,1.426726074218750000e+02,-2.063126373291015625e+01
3.675297851562500000e+02,9.955845642089843750e+01,2.324527740478515625e+02
3.798697292804718018e-01,-1.231640777587890625e+02,3.267928161621093750e+02
2.925787658691406250e+02,2.466036834716796875e+02,1.090136413574218750e+02
1.023866958618164062e+02,2.266163177490234375e+02,3.016505737304687500e+02
-3.014725875854492188e+01,1.134307250976562500e+02,-1.641959686279296875e+02
8.725094604492187500e+01,1.393725280761718750e+02,1.108157882690429688e+02
-2.258817291259765625e+02,-2.634785652160644531e+01,1.117150020599365234e+01
-1.550713195800781250e+02,-8.636389160156250000e+01,7.632279968261718750e+01
1.973706817626953125e+02,8.792526245117187500e+01,-2.221172180175781250e+02
-2.057685394287109375e+02,-3.504976501464843750e+02,4.475538635253906250e+01
1.407703247070312500e+02,-2.639900817871093750e+02,1.629016876220703125e+02
2.353193969726562500e+02,-5.737766647338867188e+01,-8.721730804443359375e+01
-4.036975708007812500e+02,-1.442404079437255859e+01,1.518588714599609375e+02
6.176015853881835938e+01,8.598656463623046875e+01,3.269337768554687500e+02
-2.365712890625000000e+02,-2.073489990234375000e+02,-1.517488708496093750e+02
1.221886062622070312e+02,-1.513164215087890625e+02,9.867460632324218750e+01
2.719300537109375000e+02,-3.330803527832031250e+02,-9.285649871826171875e+01
1.691857910156250000e+02,-2.385809783935546875e+02,2.978099365234375000e+02
-1.114930953979492188e+02,-2.087844238281250000e+02,3.284472961425781250e+02
1.587377471923828125e+02,1.402394561767578125e+02,3.275958557128906250e+02
-3.987371520996093750e+02,5.660990905761718750e+01,2.252371520996093750e+02
2.853158569335937500e+02,3.192751770019531250e+02,-1.297446136474609375e+02
1.313060150146484375e+02,1.404628753662109375e+02,2.786097717285156250e+02
-9.812708282470703125e+01,-2.237749671936035156e+01,5.400921249389648438e+01
-1.459617767333984375e+02,-6.521305847167968750e+01,1.631233825683593750e+02
-1.763722076416015625e+02,2.597013854980468750e+01,3.752666625976562500e+02
1.934820709228515625e+02,-8.698171234130859375e+01,-1.026459655761718750e+02
-7.432890319824218750e+01,-2.238072509765625000e+02,7.373383331298828125e+01
1.283946990966796875e+02,-1.825912628173828125e+02,-7.276554107666015625e+01
2.002958374023437500e+02,3.552368774414062500e+02,-6.609351348876953125e+01
4.376967468261718750e+02,-1.845774841308593750e+01,-3.895035171508789062e+01
-1.089893798828125000e+02,1.134265747070312500e+02,-1.006339187622070312e+02
2.181336364746093750e+02,5.252680969238281250e+01,-2.564226684570312500e+02
6.682714843750000000e+01,1.428439331054687500e+02,-3.091002807617187500e+02
-3.734255065917968750e+02,-2.217267608642578125e+01,-2.979994812011718750e+02
-1.091126556396484375e+02,1.756165161132812500e+02,2.541838378906250000e+02
-8.999116516113281250e+01,1.966482086181640625e+02,2.987524414062500000e+02
-1.463928375244140625e+02,2.548654479980468750e+02,2.462198333740234375e+02
2.230538024902343750e+02,2.712823181152343750e+02,-1.549394378662109375e+02
-2.123616180419921875e+02,-1.645187988281250000e+02,-1.228696060180664062e+02
-2.775535888671875000e+02,3.915791320800781250e+01,-2.381208343505859375e+02
8.790854644775390625e+01,1.115128860473632812e+02,-4.554509639739990234e+00
6.831785202026367188e+00,1.061750717163085938e+02,6.924121856689453125e+00
3.244559860229492188e+01,2.629523315429687500e+02,-2.058916015625000000e+02
7.104412841796875000e+01,-6.535879611968994141e+00,3.405646972656250000e+02
-2.069609165191650391e+00,-3.715802917480468750e+02,-2.624970092773437500e+02
1.497859649658203125e+02,-1.885518341064453125e+02,1.097205276489257812e+02
-1.696337432861328125e+02,2.839615173339843750e+02,1.820100402832031250e+02
-4.181316833496093750e+02,-5.720711898803710938e+01,1.834309692382812500e+02
-8.172283935546875000e+01,-3.583805236816406250e+02,-1.894725341796875000e+02
-4.854251480102539062e+01,3.560375061035156250e+02,-2.462964172363281250e+02
-6.199020004272460938e+01,2.415385437011718750e+02,2.835267333984375000e+02
3.914244079589843750e+02,-6.829138183593750000e+01,-1.161819458007812500e+02
2.502688751220703125e+02,3.511412353515625000e+02,-9.769161987304687500e+01
1.161479949951171875e+02,1.055574512481689453e+01,-3.573186950683593750e+02
3.769821777343750000e+02,-1.927472534179687500e+02,-6.282075881958007812e+01
-1.898763732910156250e+02,3.689447021484375000e+01,-2.756188964843750000e+02
-3.690504074096679688e+01,-3.241435546875000000e+02,-2.542248077392578125e+02
-7.404514312744140625e+01,9.860768890380859375e+01,-2.471850738525390625e+02
4.324213867187500000e+02,-1.433322296142578125e+02,-7.922161865234375000e+01
1.317524261474609375e+02,-3.230396423339843750e+02,-9.014256286621093750e+01
-9.041812133789062500e+01,-3.249656372070312500e+02,-2.864205932617187500e+02
5.707830047607421875e+01,-1.670521163940429688e+01,-5.918181228637695312e+01
1.189140472412109375e+02,-4.021253967285156250e+02,-1.579559478759765625e+02
-7.563169479370117188e+00,-4.639348983764648438e+01,9.666262054443359375e+01
-2.264451408386230469e+01,-6.880715179443359375e+01,-1.324687042236328125e+02
-4.997040939331054688e+01,1.108955154418945312e+02,-1.094585266113281250e+02
2.485108642578125000e+02,1.986331481933593750e+02,-1.396496276855468750e+02
7.540062713623046875e+01,1.345649414062500000e+02,1.620198669433593750e+02
2.438413543701171875e+02,1.397990417480468750e+02,2.930737304687500000e+02
3.672574615478515625e+01,1.446651611328125000e+02,1.270957870483398438e+02
3.452555847167968750e+01,3.586121368408203125e+01,4.212792968750000000e+01
-4.577110595703125000e+02,-3.898493194580078125e+01,1.579229888916015625e+02
3.651594543457031250e+02,-1.744186248779296875e+02,7.463051605224609375e+01
1.894587097167968750e+02,2.274440155029296875e+02,2.918006896972656250e+02
-2.223894805908203125e+02,-2.202102508544921875e+02,-2.422057037353515625e+02
2.291558227539062500e+02,1.230045471191406250e+02,-2.051059532165527344e+01
-2.695649719238281250e+02,-2.359728813171386719e+00,-2.675444030761718750e+02
9.937500762939453125e+01,-1.860279083251953125e+02,1.283545379638671875e+02
2.260270996093750000e+02,1.140214843750000000e+02,2.459457855224609375e+02
1.856910400390625000e+02,5.050360870361328125e+01,9.351602935791015625e+01
-1.022807159423828125e+02,1.732549896240234375e+02,-2.454758262634277344e+01
-7.042208099365234375e+01,1.080364227294921875e+02,-1.954145507812500000e+02
-2.798355407714843750e+02,-2.364442596435546875e+02,-1.686343078613281250e+02
-3.545416641235351562e+01,1.919978027343750000e+02,3.140607299804687500e+02
-8.329078674316406250e+01,-3.411518249511718750e+02,-2.376684265136718750e+02
-8.890877532958984375e+01,6.779376220703125000e+01,3.402527770996093750e+02
-1.878082122802734375e+02,1.867398376464843750e+02,-9.222977447509765625e+01
-1.782682495117187500e+02,-2.920552062988281250e+02,-2.376722869873046875e+02
-1.332266845703125000e+02,1.105426406860351562e+02,-2.846011352539062500e+02
3.126347961425781250e+02,-1.297684631347656250e+02,1.765660247802734375e+02
-9.292488098144531250e+01,1.621546325683593750e+02,-3.152493896484375000e+02
-4.422969055175781250e+02,-2.928781127929687500e+01,-2.126734161376953125e+02
2.346733398437500000e+02,9.021915435791015625e+01,2.895946960449218750e+02
3.138274536132812500e+02,-5.745098876953125000e+01,3.523750915527343750e+02
3.263717651367187500e+02,-1.818988037109375000e+02,3.196921157836914062e+01
-1.834737968444824219e+01,-1.078832855224609375e+02,-2.009810943603515625e+02
-4.956027603149414062e+01,-4.033476867675781250e+02,-1.948577575683593750e+02
1.216896591186523438e+02,2.956389665603637695e+00,-1.669776916503906250e+01
8.779498100280761719e+00,1.349358520507812500e+02,7.708356475830078125e+01
1.241206054687500000e+02,-4.300396423339843750e+02,-1.055359268188476562e+02
3.369683532714843750e+02,1.409855957031250000e+02,2.430257415771484375e+02
-2.757897033691406250e+02,-2.173329772949218750e+02,-1.170316925048828125e+02
-4.271069030761718750e+02,4.588220417499542236e-01,1.932901763916015625e+02
2.706570739746093750e+02,1.005064773559570312e+02,2.061917419433593750e+02
3.909637756347656250e+02,1.250601043701171875e+02,-8.719594573974609375e+01
2.850916748046875000e+02,-2.848489685058593750e+02,-7.608259582519531250e+01
5.242604255676269531e+00,3.449671325683593750e+02,-2.535971221923828125e+02
-1.266383285522460938e+02,-3.628308715820312500e+02,-2.147559051513671875e+02
-4.062961196899414062e+01,5.202378845214843750e+01,-1.845231323242187500e+02
-4.812001037597656250e+01,3.386134338378906250e+02,1.722917480468750000e+02
-1.175425033569335938e+02,2.987971801757812500e+02,-2.064167327880859375e+02
-9.424002647399902344e+00,2.991475219726562500e+02,-2.449396972656250000e+02
3.863875122070312500e+02,-2.799325180053710938e+01,-4.139067077636718750e+01
1.624581604003906250e+02,-2.717890930175781250e+02,2.489038696289062500e+02
3.024468078613281250e+02,2.094994354248046875e+02,-1.564493560791015625e+02
-9.052656173706054688e+00,1.273050689697265625e+02,1.385776062011718750e+02
-3.650136566162109375e+01,-1.247363433837890625e+02,-1.485460052490234375e+02
-1.479228687286376953e+01,7.588822937011718750e+01,-1.276131134033203125e+02
-5.694983291625976562e+01,-1.376043395996093750e+02,-2.958685913085937500e+02
-1.243655853271484375e+02,2.854210205078125000e+02,1.553326416015625000e+02
-2.004188232421875000e+02,-2.092433929443359375e+02,-1.937145233154296875e+02
4.359675884246826172e+00,9.372084808349609375e+01,1.047833404541015625e+02
-2.310643920898437500e+02,-6.646121215820312500e+01,-1.197878799438476562e+02
3.885853881835937500e+02,2.240442484617233276e-01,-8.145346832275390625e+01
-3.385335922241210938e+01,-2.059007568359375000e+02,-5.896581268310546875e+01
3.596535034179687500e+02,-7.250769805908203125e+01,1.286483764648437500e+02
-2.432587432861328125e+02,-2.128235015869140625e+02,1.457326965332031250e+02
-6.834542846679687500e+01,-2.935217895507812500e+02,2.132832641601562500e+02
-2.120443725585937500e+02,1.528868560791015625e+02,-6.453298950195312500e+01
-4.351985931396484375e+01,3.198710632324218750e+02,-2.807668762207031250e+02
-6.867092132568359375e+01,2.465091094970703125e+02,2.280180511474609375e+02
7.112577819824218750e+01,2.888148498535156250e+02,3.555493354797363281e+00
-3.649004516601562500e+02,-1.637254524230957031e+01,-1.687348480224609375e+02
1.041157989501953125e+02,3.448543701171875000e+02,-2.164396286010742188e+01
-1.046135330200195312e+02,2.977606811523437500e+02,-2.561229248046875000e+02
2.128288879394531250e+02,1.215186843872070312e+02,3.350768737792968750e+02
-4.361799316406250000e+02,-3.258895874023437500e+01,-1.196355056762695312e+02
-6.619641876220703125e+01,-2.157770996093750000e+02,7.871078014373779297e+00
-8.930042266845703125e+01,1.258236846923828125e+02,4.215973510742187500e+02
1.410009002685546875e+02,-2.175059814453125000e+02,2.613913574218750000e+02
-2.931625366210937500e+02,-4.690641784667968750e+01,-2.860799865722656250e+02
-9.854213714599609375e+01,2.748861389160156250e+02,2.623426208496093750e+02
-3.546618652343750000e+02,7.228728485107421875e+01,2.057897949218750000e+02
-4.188579406738281250e+02,-5.019124984741210938e+01,1.239113464355468750e+02
1.812043151855468750e+02,-8.903662109375000000e+01,1.999126129150390625e+02
3.383039855957031250e+02,-8.728254699707031250e+01,8.225036621093750000e+01
-1.824886131286621094e+01,-1.605350952148437500e+02,-3.681551208496093750e+02
3.155848693847656250e+02,1.375625000000000000e+02,1.926464996337890625e+02
-1.614989161491394043e+00,-1.825704650878906250e+02,-1.552345733642578125e+02
-2.096094970703125000e+02,8.764099478721618652e-01,-1.983868560791015625e+02
-3.229382705688476562e+01,-3.063996582031250000e+02,5.298239517211914062e+01
2.158434753417968750e+02,7.869808197021484375e+01,-4.406647033691406250e+02
-1.519456481933593750e+02,-9.785734558105468750e+01,-8.770465850830078125e+01
1.603591156005859375e+02,4.431948852539062500e+01,-2.495770568847656250e+02
2.039031677246093750e+02,2.067861785888671875e+02,7.048832702636718750e+01
1.870787429809570312e+01,1.722931861877441406e+01,2.449779510498046875e+02
8.365615081787109375e+01,3.152932128906250000e+02,1.592277221679687500e+02
1.452212829589843750e+02,-3.101787719726562500e+02,1.478753051757812500e+02
-8.915673065185546875e+01,-2.263051605224609375e+01,1.017459793090820312e+02
3.249344253540039062e+01,3.249533996582031250e+02,1.320360717773437500e+02
5.853297424316406250e+01,2.221982421875000000e+02,4.004755554199218750e+02
3.821012573242187500e+02,-1.189832153320312500e+02,-3.422194242477416992e+00
-1.361067199707031250e+02,2.353287887573242188e+01,2.133338317871093750e+02
1.453827209472656250e+02,-2.271942596435546875e+02,3.477594604492187500e+02
1.989788970947265625e+02,3.849036026000976562e+01,-2.113222961425781250e+02
-1.080224990844726562e+02,1.197751312255859375e+02,3.344521484375000000e+02
2.828032531738281250e+02,2.861609497070312500e+02,-1.714024810791015625e+02
1.496130275726318359e+01,-1.497105560302734375e+02,-2.028333435058593750e+02
2.067280883789062500e+02,1.805285491943359375e+02,2.713013916015625000e+02
5.392983627319335938e+01,9.721364593505859375e+01,-3.538862304687500000e+02
1.020454635620117188e+02,-2.332692413330078125e+02,1.718568725585937500e+02
1.523296203613281250e+02,3.409935913085937500e+02,-1.031746215820312500e+02
1.448622283935546875e+02,2.388111114501953125e+01,-5.743691253662109375e+01
-6.476618194580078125e+01,-2.722105712890625000e+02,1.646710357666015625e+02
-1.201836471557617188e+02,2.494727783203125000e+02,1.184242477416992188e+02
7.220419311523437500e+01,2.564219970703125000e+02,-2.445403900146484375e+02
-1.409254608154296875e+02,5.249633026123046875e+01,4.089123229980468750e+02
-1.306996459960937500e+02,-2.424342956542968750e+02,1.936591186523437500e+02
1.595847015380859375e+02,-2.721029052734375000e+02,9.653235626220703125e+01
-3.693255004882812500e+02,7.851027965545654297e+00,-2.586758422851562500e+02
3.327165222167968750e+02,2.286169891357421875e+02,8.407289886474609375e+01
3.620984191894531250e+02,-1.155879287719726562e+02,1.590219573974609375e+02
-4.594576416015625000e+02,-2.536229515075683594e+01,1.038471374511718750e+02
4.596428298950195312e+01,2.499560852050781250e+02,-1.544051361083984375e+02
7.411882019042968750e+01,2.110631561279296875e+02,-1.129286499023437500e+02
-2.995174865722656250e+02,-9.869436645507812500e+01,-2.493202018737792969e+01
1.473025360107421875e+02,-3.207978210449218750e+02,-3.949195480346679688e+01
-1.932440338134765625e+02,-1.404629211425781250e+02,-7.446831512451171875e+01
2.784385375976562500e+02,-4.123211288452148438e+01,-1.170786132812500000e+02
9.236585998535156250e+01,4.291697692871093750e+02,-8.734712219238281250e+01
-1.971667480468750000e+02,-7.524068450927734375e+01,-1.665872802734375000e+02
-2.724198608398437500e+02,1.550093841552734375e+02,-8.801111602783203125e+01
3.478904342651367188e+01,3.239109802246093750e+02,-7.992437744140625000e+01
-3.515708312988281250e+02,-3.538004684448242188e+01,-2.324815826416015625e+02
-3.003015518188476562e+01,-1.076548690795898438e+02,8.843943786621093750e+01
1.774405670166015625e+02,1.403925018310546875e+02,-8.189103126525878906e+00
-1.585549011230468750e+02,2.363899993896484375e+02,1.623769531250000000e+02
-1.404495544433593750e+02,3.308661193847656250e+02,-2.451729125976562500e+02
2.291921081542968750e+02,6.063483428955078125e+01,2.397948455810546875e+02
4.393017578125000000e+02,5.242080211639404297e+00,-8.142321014404296875e+01
4.418060607910156250e+02,-8.139149475097656250e+01,-1.132312469482421875e+02
7.511872863769531250e+01,6.196770095825195312e+01,5.549501419067382812e+01
1.467832641601562500e+02,-7.390871429443359375e+01,-7.943381500244140625e+01
1.301502227783203125e+02,-2.512431640625000000e+02,2.128485565185546875e+02
-2.544232559204101562e+01,1.117620010375976562e+02,3.733565063476562500e+02
-3.473311767578125000e+02,-1.352774963378906250e+02,5.923293304443359375e+01
-1.422320961952209473e+00,-2.660466308593750000e+02,2.801110839843750000e+01
-1.752373695373535156e+01,-1.241953811645507812e+02,-2.656275024414062500e+02
-3.702214660644531250e+02,-7.719712066650390625e+01,1.238469600677490234e+01
8.329911804199218750e+01,2.791349487304687500e+02,2.034747772216796875e+02
-2.486822357177734375e+02,1.324004364013671875e+02,3.024862060546875000e+02
8.222821807861328125e+01,-2.399678802490234375e+02,-1.801582489013671875e+02
3.318028564453125000e+02,-1.402820434570312500e+02,6.105630874633789062e+01
3.341074523925781250e+02,-1.667950744628906250e+02,-7.655467224121093750e+01
-1.778887786865234375e+02,2.815422973632812500e+02,8.649415016174316406e+00
4.344540710449218750e+02,-2.815883178710937500e+02,-2.199296951293945312e+01
-1.107159652709960938e+02,3.513139648437500000e+02,1.050182952880859375e+02
-1.810901184082031250e+02,7.976583099365234375e+01,3.152107238769531250e+02
4.854021453857421875e+01,3.245387878417968750e+02,1.945383758544921875e+02
3.220112915039062500e+02,-1.068576354980468750e+02,1.270562896728515625e+02
-1.469205627441406250e+02,2.978887023925781250e+02,-2.858469238281250000e+02
2.758097648620605469e+01,2.002746429443359375e+02,-1.243490295410156250e+02
-4.017782974243164062e+01,3.021752319335937500e+02,1.318483734130859375e+02
1.374369659423828125e+02,-1.189571666717529297e+01,-9.508511352539062500e+01
1.741801300048828125e+02,-6.740478515625000000e+00,4.000874023437500000e+02
-7.954012298583984375e+01,2.577300109863281250e+02,1.518881530761718750e+02
-2.238917083740234375e+02,9.636470794677734375e+01,2.725798034667968750e+02
-4.269416198730468750e+02,-1.326291198730468750e+02,1.013091812133789062e+02
1.753952331542968750e+02,-1.757322387695312500e+02,6.757280731201171875e+01
-7.611358165740966797e+00,-6.707447052001953125e+01,-1.490236206054687500e+02
-2.673174438476562500e+02,2.335885620117187500e+02,7.327721405029296875e+01
2.133280792236328125e+02,7.075432586669921875e+01,-3.157751464843750000e+02
3.259495544433593750e+02,1.853581390380859375e+02,1.742007141113281250e+02
-1.126065902709960938e+02,2.454804534912109375e+02,3.041816406250000000e+02
4.291075897216796875e+01,1.123177947998046875e+02,-2.556399345397949219e+01
1.396109619140625000e+02,3.968738708496093750e+02,-1.806032752990722656e+01
4.648677825927734375e+01,2.471786651611328125e+02,-1.930062103271484375e+01
-2.386488189697265625e+02,-1.237442474365234375e+02,-9.752537536621093750e+01
-2.327925872802734375e+02,2.318596458435058594e+01,3.215275573730468750e+01
-4.351210021972656250e+02,9.577422142028808594e+00,-8.489743804931640625e+01
3.055333251953125000e+02,1.964434204101562500e+02,4.802740478515625000e+01
-8.329034423828125000e+01,6.838765716552734375e+01,-1.061719360351562500e+02
-1.087375717163085938e+02,-1.403307800292968750e+02,-3.166991271972656250e+02
-4.238256835937500000e+01,-2.995153808593750000e+02,1.233225326538085938e+02
-1.160003948211669922e+01,-3.865142822265625000e+02,-1.593605499267578125e+02
-4.200690002441406250e+02,8.086909484863281250e+01,-1.387993316650390625e+02
-4.507444763183593750e+01,5.306748580932617188e+01,3.753265991210937500e+02
-1.410832061767578125e+02,2.075532989501953125e+02,2.845437927246093750e+02
-1.331274261474609375e+02,1.961891021728515625e+02,-2.871176147460937500e+02
-9.658539581298828125e+01,3.923428344726562500e+01,3.861497802734375000e+02
-1.670726165771484375e+02,9.501985168457031250e+01,3.715678100585937500e+02
-9.054938507080078125e+01,-7.781897735595703125e+01,-1.865519714355468750e+02
-2.479779052734375000e+02,2.518842220306396484e+00,1.152391128540039062e+02
2.008428955078125000e+02,-1.531412410736083984e+01,-3.215834655761718750e+02
-9.709837341308593750e+01,2.269794616699218750e+02,-3.187402038574218750e+02
-1.916744079589843750e+02,6.815769195556640625e+01,4.057636718750000000e+02
9.058935546875000000e+01,8.072882080078125000e+01,1.895122375488281250e+02
3.666857604980468750e+02,-1.546071014404296875e+02,2.602390670776367188e+01
2.700746154785156250e+02,-5.113506698608398438e+01,1.754036560058593750e+02
3.846202087402343750e+02,-1.397481689453125000e+02,-7.552892303466796875e+01
9.952654266357421875e+01,3.378339233398437500e+02,2.614774780273437500e+02
-2.644578552246093750e+02,1.560886077880859375e+02,-3.848743057250976562e+01
4.694702911376953125e+01,1.393816947937011719e+01,1.992583618164062500e+02
1.585054473876953125e+02,1.843208618164062500e+02,2.870367736816406250e+02
1.186806945800781250e+02,1.744853973388671875e+02,3.161831054687500000e+02
-2.337404251098632812e+00,-5.009789943695068359e+00,1.987719268798828125e+02
1.196972961425781250e+02,-2.164397125244140625e+02,3.083095397949218750e+02
-2.904555892944335938e+01,-4.140274047851562500e+02,-2.437116851806640625e+02
-1.982963204383850098e+00,-4.309602355957031250e+02,-1.950712738037109375e+02
2.399634704589843750e+02,-8.355308532714843750e+01,-1.331962280273437500e+02
1.135948333740234375e+02,3.368088531494140625e+01,-9.674791717529296875e+01
-9.815861511230468750e+01,-7.657898902893066406e+00,2.838708496093750000e+02
9.982489013671875000e+01,-1.157589416503906250e+02,-3.719845886230468750e+02
5.168131256103515625e+01,1.609593048095703125e+02,8.131810760498046875e+01
1.784745788574218750e+02,8.637590789794921875e+01,-2.760144348144531250e+02
-3.746422119140625000e+02,2.167122077941894531e+01,1.910040588378906250e+02
-1.443205566406250000e+02,2.073933715820312500e+02,2.272672882080078125e+02
-7.365744018554687500e+01,1.374235534667968750e+02,3.669254760742187500e+02
-3.142355346679687500e+02,9.127410888671875000e+01,1.819587249755859375e+02
-7.665496063232421875e+01,-1.708055419921875000e+02,3.600437011718750000e+02
-1.765747528076171875e+02,-8.345685005187988281e+00,-2.482409362792968750e+02
8.272213745117187500e+01,2.325044250488281250e+02,-2.007105102539062500e+02
-8.881008148193359375e+01,-1.118652648925781250e+02,1.034390792846679688e+02
3.035290145874023438e+01,-4.321525192260742188e+01,1.896516418457031250e+02
2.928716430664062500e+02,-3.219780883789062500e+02,-3.942584609985351562e+01
-4.447548675537109375e+01,9.229661560058593750e+01,4.253197631835937500e+02
2.118273162841796875e+02,1.104080486297607422e+01,-1.446453857421875000e+02
3.926860656738281250e+02,1.035432434082031250e+02,-1.505074157714843750e+02
-1.828282623291015625e+02,-4.248825988769531250e+02,-1.409012908935546875e+02
1.920626220703125000e+02,-6.254779052734375000e+01,-5.609275436401367188e+01
1.406433868408203125e+02,-7.835709381103515625e+01,1.048376235961914062e+02
-2.226399536132812500e+02,-2.201019592285156250e+02,-1.010264205932617188e+02
6.584777069091796875e+01,3.045172119140625000e+01,-7.648046875000000000e+01
-1.492246093750000000e+02,-8.834119415283203125e+01,-1.414596099853515625e+02
6.110995864868164062e+01,-3.831220092773437500e+02,3.894456100463867188e+01
2.887622375488281250e+02,2.254439392089843750e+02,1.569479980468750000e+02
-4.048342514038085938e+01,1.106885242462158203e+01,-4.287168579101562500e+02
-3.873963623046875000e+02,1.104550323486328125e+02,2.109174041748046875e+02
7.678446197509765625e+01,-3.752134704589843750e+02,-1.612712097167968750e+02
-2.476757354736328125e+02,-5.353826904296875000e+01,4.714851379394531250e+01
-6.452916717529296875e+01,-5.284991836547851562e+01,3.144211006164550781e+01
-4.178586959838867188e+01,-2.033654212951660156e+01,7.011774444580078125e+01
2.425831756591796875e+02,1.416216735839843750e+02,-1.250509109497070312e+02
-2.524434356689453125e+02,8.110169982910156250e+01,3.657128906250000000e+02
-2.918603515625000000e+02,3.864485979080200195e+00,-3.173884887695312500e+02
-5.976913070678710938e+01,3.432318115234375000e+02,1.018973236083984375e+02
1.705027008056640625e+02,2.128495025634765625e+02,2.387897033691406250e+02
-7.704380798339843750e+01,1.454889678955078125e+02,1.731835937500000000e+02
-1.043043670654296875e+02,2.260701293945312500e+02,2.572399291992187500e+02
-2.280150451660156250e+02,-3.690063476562500000e+02,-8.773151397705078125e+01
1.852913665771484375e+02,8.265399169921875000e+01,2.633244323730468750e+02
3.070005493164062500e+02,2.589323730468750000e+02,-1.284565887451171875e+02
3.770677490234375000e+02,-1.244621658325195312e+02,9.560781097412109375e+01
1.224173355102539062e+02,-3.799873657226562500e+02,-1.061118927001953125e+02
-8.564995765686035156e+00,3.350781250000000000e+02,9.940838623046875000e+01
4.223028564453125000e+02,2.023270416259765625e+02,-5.943846702575683594e+00
2.277588348388671875e+02,-7.069505310058593750e+01,-1.841476745605468750e+02
4.225267410278320312e+00,4.696270370483398438e+01,2.074637908935546875e+02
-1.301983184814453125e+02,-3.139381713867187500e+02,-2.406672668457031250e+02
1.285951385498046875e+02,-2.670478515625000000e+02,3.086037292480468750e+02
7.814466094970703125e+01,-1.613246002197265625e+02,8.058392333984375000e+01
-2.536270294189453125e+02,-2.026076354980468750e+02,-1.996755218505859375e+02
7.463616180419921875e+01,-7.886255645751953125e+01,-3.506803283691406250e+02
-1.251232147216796875e+02,-2.420145721435546875e+02,2.500474243164062500e+02
-1.061020946502685547e+01,1.659198913574218750e+02,-3.564985961914062500e+02
-2.340752716064453125e+02,-4.625503158569335938e+01,1.047473297119140625e+02
2.191199035644531250e+02,2.376328229904174805e+00,-2.425393218994140625e+02
-1.426664581298828125e+02,-4.650904846191406250e+01,1.130073165893554688e+02
-9.144556427001953125e+01,-3.920896301269531250e+02,-2.384849548339843750e+02
4.698849792480468750e+02,-2.060314750671386719e+01,9.059999847412109375e+01
-1.206791687011718750e+02,-1.917002868652343750e+02,2.803276062011718750e+02
-6.629734039306640625e+01,1.019563217163085938e+02,-6.338980865478515625e+01
2.237372894287109375e+02,-3.734779663085937500e+02,1.828753352165222168e+00
-2.937187500000000000e+02,1.962040252685546875e+02,-1.093684921264648438e+02
1.549404296875000000e+02,-7.046901702880859375e+01,-3.691822509765625000e+02
-1.605970611572265625e+02,-2.651015319824218750e+02,-1.925842742919921875e+02
-3.749340515136718750e+02,-2.929724311828613281e+01,1.082334060668945312e+02
1.568214263916015625e+02,-3.652610778808593750e+02,-6.684415435791015625e+01
-2.103718872070312500e+02,1.652385711669921875e+01,1.473057556152343750e+02
4.301001071929931641e+00,5.755917739868164062e+01,9.871165275573730469e+00
-5.108261871337890625e+01,-2.064764251708984375e+02,2.357584228515625000e+02
5.932247924804687500e+01,-3.747863769531250000e+02,-2.087697296142578125e+02
-3.902359619140625000e+02,-9.860316467285156250e+01,8.588421630859375000e+01
-1.353841094970703125e+02,1.956941375732421875e+02,-6.359385681152343750e+01
-4.949307632446289062e+01,-1.551585540771484375e+02,-6.765354156494140625e+01
9.818865966796875000e+01,3.375775756835937500e+02,2.104274749755859375e+02
3.022863769531250000e+02,-5.568078231811523438e+01,1.280435943603515625e+02
-4.485780715942382812e+01,1.790936584472656250e+02,3.602170715332031250e+02
2.098557586669921875e+02,1.588824768066406250e+02,-4.736486816406250000e+01
-1.947733764648437500e+02,-4.407460403442382812e+01,-2.130788879394531250e+02
-3.216876525878906250e+02,-1.097844467163085938e+02,2.080101203918457031e+01
-3.895748596191406250e+02,-5.958265304565429688e+01,-1.486112976074218750e+02
-6.903145599365234375e+01,-1.502200775146484375e+02,-3.475771179199218750e+02
1.471301727294921875e+02,-2.992933654785156250e+02,2.051953277587890625e+02
7.326457214355468750e+01,7.469016075134277344e+00,2.433656616210937500e+02
-1.723460388183593750e+02,-2.172451782226562500e+01,1.571351470947265625e+02
-3.368456649780273438e+01,-1.708530273437500000e+02,-2.199223899841308594e+01
1.125744476318359375e+02,-2.642414855957031250e+02,2.605083007812500000e+02
-3.798472595214843750e+02,1.647297058105468750e+02,-1.196966796875000000e+03
7.491654205322265625e+01,-2.643112564086914062e+01,-3.501697692871093750e+02
-3.958735656738281250e+02,-3.783287525177001953e+00,-2.130880279541015625e+02
1.589190673828125000e+02,-4.566137313842773438e+01,-3.234998168945312500e+02
-3.429903869628906250e+02,4.730915451049804688e+01,1.599151458740234375e+02
1.057356338500976562e+02,4.359406738281250000e+02,-3.435869598388671875e+01
4.502285385131835938e+01,1.008923034667968750e+02,-2.741716918945312500e+02
-1.961049194335937500e+02,-1.029437179565429688e+02,3.532221984863281250e+02
4.110588378906250000e+02,-8.721627807617187500e+01,-7.085006713867187500e+01
-7.940895843505859375e+01,3.699902648925781250e+02,1.431869201660156250e+02
1.574113178253173828e+01,2.884593200683593750e+02,-4.671633243560791016e+00
-4.237242507934570312e+01,-1.852144927978515625e+02,-3.229215698242187500e+02
1.755118255615234375e+02,-3.432276306152343750e+02,5.867974281311035156e+00
-7.217259216308593750e+01,9.092067718505859375e+01,3.852817687988281250e+02
1.321317443847656250e+02,-1.194947204589843750e+02,1.297281188964843750e+02
8.422386169433593750e+01,9.322047424316406250e+01,1.317479095458984375e+02
2.632872009277343750e+02,6.580824279785156250e+01,-2.789099426269531250e+02
-3.430791320800781250e+02,-5.606590270996093750e+01,-2.784436035156250000e+02
6.352720260620117188e+01,1.981313323974609375e+02,-1.634391326904296875e+02
7.930915069580078125e+01,2.341842651367187500e+02,-5.857136917114257812e+01
-6.764953613281250000e+01,-9.840317535400390625e+01,-2.572506103515625000e+02
-1.361817321777343750e+02,-1.018856658935546875e+02,1.216289138793945312e+02
2.160769500732421875e+02,2.234774475097656250e+02,-1.735265502929687500e+02
-4.606377792358398438e+01,3.660857009887695312e+01,-1.330855865478515625e+02
-2.051786499023437500e+02,-2.578380737304687500e+02,-2.158731079101562500e+02
-1.334150848388671875e+02,-3.158480224609375000e+02,-1.909818115234375000e+02
4.336202239990234375e+01,-8.689531326293945312e+00,3.949175720214843750e+02
6.802153778076171875e+01,-1.274288558959960938e+02,-1.183048553466796875e+02
1.410050659179687500e+02,2.699837951660156250e+02,3.013464050292968750e+02
-3.412481384277343750e+02,1.862362098693847656e+01,-3.019064636230468750e+02
3.309176635742187500e+02,1.388572387695312500e+02,1.455274505615234375e+02
-4.465178222656250000e+02,2.164087867736816406e+01,-1.372365112304687500e+02
6.544641876220703125e+01,2.612008666992187500e+02,-1.040078887939453125e+02
9.491584014892578125e+01,2.404701538085937500e+02,-1.512419128417968750e+02
3.576220092773437500e+02,1.052978363037109375e+02,1.776513366699218750e+02
3.988687133789062500e+01,-3.888276062011718750e+02,-1.268865585327148438e+02
1.927300720214843750e+02,-9.135883331298828125e+01,1.512967071533203125e+02
2.161219024658203125e+02,-3.997338562011718750e+02,-4.753879165649414062e+01
-2.191055908203125000e+02,1.083814849853515625e+02,3.387810668945312500e+02
-1.175780715942382812e+02,-2.695033264160156250e+02,-2.208816528320312500e+02
1.973839569091796875e+02,-2.949075927734375000e+02,-2.428610229492187500e+01
-6.580722808837890625e+01,2.721215209960937500e+02,-2.723732299804687500e+02
-9.452083587646484375e+01,3.437148132324218750e+02,-2.750293884277343750e+02
8.206733703613281250e+01,-4.203721618652343750e+02,-1.883379821777343750e+02
-2.507948303222656250e+02,-1.790500183105468750e+02,-8.926253509521484375e+01
-1.963102912902832031e+01,3.413822937011718750e+02,-2.053047485351562500e+02
1.495420532226562500e+02,-5.078547286987304688e+01,-1.229498519897460938e+02
-7.818087768554687500e+01,-9.751647949218750000e+01,-3.187782897949218750e+02
1.016597900390625000e+02,-3.561240539550781250e+02,-6.243689727783203125e+01
-3.714359283447265625e+01,6.884024047851562500e+01,-2.367803649902343750e+02
-1.439051818847656250e+02,1.530070190429687500e+02,-3.155920410156250000e+02
2.607556457519531250e+02,-3.656993408203125000e+02,-4.120788955688476562e+01
-1.224542160034179688e+02,-3.107496948242187500e+02,1.081401367187500000e+02
-1.631080932617187500e+02,-1.407492523193359375e+02,-1.201515274047851562e+02
-3.487866973876953125e+01,-1.972704925537109375e+02,3.760497436523437500e+02
-2.280602569580078125e+02,-2.496187286376953125e+02,-1.740707702636718750e+02
-3.804774856567382812e+01,6.293650054931640625e+01,-8.007463836669921875e+01
-2.104073143005371094e+01,-6.689804840087890625e+01,4.859514236450195312e+01
-1.687087402343750000e+02,-2.631393127441406250e+02,-2.221097755432128906e+01
-2.261816253662109375e+02,7.863407611846923828e+00,-2.471840057373046875e+02
4.605708694458007812e+01,1.077310104370117188e+02,-4.524442749023437500e+02
2.323673706054687500e+02,3.257577819824218750e+02,-1.385118560791015625e+02
1.627016754150390625e+02,1.887649230957031250e+02,-1.775632500648498535e+00
1.594696807861328125e+02,-1.866084442138671875e+02,3.119083557128906250e+02
-1.152912292480468750e+02,3.376720886230468750e+02,1.765353546142578125e+02
-4.601497268676757812e+01,-2.554422607421875000e+02,2.536211547851562500e+02
1.446057891845703125e+02,-3.326819229125976562e+01,-4.920647811889648438e+01
1.465264892578125000e+02,-6.982904052734375000e+01,1.555500030517578125e+02
-2.653165245056152344e+01,1.143005065917968750e+02,-2.192875823974609375e+02
-4.677901306152343750e+02,-2.176400947570800781e+01,-1.656767730712890625e+02
-9.408116912841796875e+01,7.155449676513671875e+01,4.291367492675781250e+02
-1.511519718170166016e+01,-7.980607604980468750e+01,-3.450700683593750000e+02
