5.487685203552246094e+00,1.456951713562011719e+01
-3.466968536376953125e+01,4.377841949462890625e+01
1.401487827301025391e+00,-4.337305831909179688e+01
3.295856475830078125e+01,-2.366624641418457031e+01
-2.618405723571777344e+01,-3.172787427902221680e-01
-3.929551315307617188e+01,4.081439590454101562e+01
3.361503982543945312e+01,-2.094515991210937500e+01
-2.969672203063964844e+01,-2.041556739807128906e+01
-3.031513023376464844e+01,-2.050205421447753906e+01
-2.658546829223632812e+01,7.151780277490615845e-02
2.571207618713378906e+01,5.988559246063232422e+00
-2.618405723571777344e+01,-3.172784149646759033e-01
3.031090545654296875e+01,1.542195677757263184e+00
-2.658546829223632812e+01,7.151808589696884155e-02
3.295856475830078125e+01,-2.366624641418457031e+01
-3.929551315307617188e+01,4.081439590454101562e+01
2.753365135192871094e+01,4.943558216094970703e+00
3.031090545654296875e+01,1.542195677757263184e+00
3.474566268920898438e+01,-1.372462940216064453e+01
3.501341247558593750e+01,-1.152317047119140625e+01
3.361503982543945312e+01,-2.094515991210937500e+01
1.401487827301025391e+00,-4.337305831909179688e+01
1.828921508789062500e+01,1.051196002960205078e+01
1.828921508789062500e+01,1.051196002960205078e+01
3.474566268920898438e+01,-1.372462940216064453e+01
2.598546981811523438e+01,6.336355209350585938e+00
2.857988739013671875e+01,4.095011711120605469e+00
2.815201377868652344e+01,3.696552038192749023e+00
-1.450613212585449219e+01,5.351189041137695312e+01
-1.463649463653564453e+01,5.397764968872070312e+01
3.501341247558593750e+01,-1.152317047119140625e+01
2.729011535644531250e+01,4.684198379516601562e+00
3.429420471191406250e+01,-7.493940353393554688e+00
3.437202453613281250e+01,-6.523400783538818359e+00
3.429420471191406250e+01,-7.493940353393554688e+00
3.437202453613281250e+01,-6.523400783538818359e+00
2.274222755432128906e+01,-3.541729354858398438e+01
-1.919318199157714844e+01,-3.737266159057617188e+01
-1.289153844118118286e-01,-4.338326263427734375e+01
1.787649536132812500e+01,1.017909240722656250e+01
2.952293586730957031e+01,-2.900947952270507812e+01
-2.295042800903320312e+01,-3.422173309326171875e+01
-2.826672363281250000e+01,-5.075858116149902344e+00
2.311496543884277344e+01,-3.578887939453125000e+01
-2.352857589721679688e+01,-3.363450622558593750e+01
3.263851547241210938e+01,-2.410943031311035156e+01
1.386745643615722656e+01,-4.068920135498046875e+01
3.245812225341796875e+01,-2.318703651428222656e+01
-2.932681846618652344e+01,-2.318710899353027344e+01
-2.771544837951660156e+01,-3.734507799148559570e+00
1.241574573516845703e+01,-4.139735412597656250e+01
8.516200065612792969e+00,1.331651973724365234e+01
3.484101867675781250e+01,-9.404584884643554688e+00
1.050384330749511719e+01,1.309595584869384766e+01
-3.020364379882812500e+01,-1.908785438537597656e+01
2.764187431335449219e+01,4.941607475280761719e+00
2.586363601684570312e+01,-3.281611251831054688e+01
-2.723679351806640625e+01,4.824268341064453125e+01
3.486465072631835938e+01,-7.261508941650390625e+00
3.294278717041015625e+01,-1.947911381721496582e+00
2.534422302246093750e+01,-3.370964050292968750e+01
-2.751068115234375000e+01,-2.543012380599975586e+00
-2.728119277954101562e+01,-2.827436065673828125e+01
-6.725289821624755859e+00,-4.268878173828125000e+01
1.414226627349853516e+01,4.753491973876953125e+01
1.304580020904541016e+01,-4.078140258789062500e+01
-2.576869964599609375e+01,-3.139592742919921875e+01
3.259078598022460938e+01,-2.415802574157714844e+01
6.352436542510986328e+00,1.409706497192382812e+01
3.390549850463867188e+01,-1.226481246948242188e+01
-6.957009315490722656e+00,5.548486709594726562e+01
-2.899181747436523438e+01,-2.430398368835449219e+01
-9.159537315368652344e+00,-4.205465316772460938e+01
6.873253822326660156e+00,1.385356807708740234e+01
2.700432395935058594e+01,5.402171611785888672e+00
3.361503982543945312e+01,-2.094515991210937500e+01
-3.614511871337890625e+01,4.290023422241210938e+01
1.643956756591796875e+01,3.929136276245117188e+01
1.853147506713867188e+01,1.006231975555419922e+01
1.855731391906738281e+01,-3.845895004272460938e+01
-2.861537933349609375e+01,-4.555282115936279297e+00
7.176361560821533203e+00,5.338114166259765625e+01
3.302898788452148438e+01,-2.349894714355468750e+01
-2.650226020812988281e+01,5.547387525439262390e-02
-1.633929824829101562e+01,5.325180435180664062e+01
-2.969672203063964844e+01,-2.041556739807128906e+01
3.513402175903320312e+01,-1.265803527832031250e+01
-1.586849689483642578e+00,-4.309175872802734375e+01
-1.705888938903808594e+01,-3.859256744384765625e+01
1.017851066589355469e+01,1.293314647674560547e+01
2.656556892395019531e+01,-3.214397430419921875e+01
-2.796357345581054688e+01,-2.720405578613281250e+01
3.485058593750000000e+01,-9.555445671081542969e+00
-2.865222358703613281e+01,-2.609359169006347656e+01
1.223764896392822266e+01,4.955901718139648438e+01
8.577234268188476562e+00,1.394064235687255859e+01
3.227155685424804688e+01,-9.802892208099365234e-01
-2.016707229614257812e+01,-3.667150878906250000e+01
3.369183349609375000e+01,-2.112867355346679688e+01
-7.248792171478271484e+00,5.503037643432617188e+01
-1.923797988891601562e+01,-3.734723663330078125e+01
-2.978301239013671875e+01,-2.035790824890136719e+01
8.735269546508789062e+00,1.324010848999023438e+01
-3.031901931762695312e+01,-1.420060920715332031e+01
-2.896620178222656250e+01,-5.571149826049804688e+00
2.031971168518066406e+01,9.582332611083984375e+00
-1.598012638092041016e+01,5.355057525634765625e+01
3.446764755249023438e+01,-1.776955604553222656e+01
-1.190780258178710938e+01,5.458578872680664062e+01
1.601591491699218750e+01,3.947669219970703125e+01
1.261151981353759766e+01,1.235073852539062500e+01
3.550385665893554688e+01,-1.520689010620117188e+01
2.700432395935058594e+01,5.402171611785888672e+00
3.216868591308593750e+01,-1.631026983261108398e+00
-2.814176177978515625e+01,-4.846397876739501953e+00
8.769530296325683594e+00,5.275146102905273438e+01
1.027099132537841797e+01,5.105530548095703125e+01
2.869240570068359375e+01,-2.977103424072265625e+01
1.930931663513183594e+01,9.878358840942382812e+00
-2.270596265792846680e+00,5.562250518798828125e+01
-2.874839210510253906e+01,-2.509381675720214844e+01
-2.893262100219726562e+01,-5.512691974639892578e+00
-2.466778755187988281e+01,4.932949447631835938e+01
-3.035574150085449219e+01,4.661491394042968750e+01
-3.027252578735351562e+01,-1.750877189636230469e+01
-1.486381626129150391e+01,-3.985487747192382812e+01
1.490830039978027344e+01,1.153207302093505859e+01
3.294124221801757812e+01,-1.943802118301391602e+00
-2.772426223754882812e+01,4.799668884277343750e+01
1.391674041748046875e+01,1.186624336242675781e+01
1.526474380493164062e+01,4.514328384399414062e+01
-2.997785186767578125e+01,-1.886020469665527344e+01
2.929957008361816406e+01,-2.866394042968750000e+01
9.281899452209472656e+00,5.190366744995117188e+01
1.495510959625244141e+01,4.649100112915039062e+01
-1.080969142913818359e+01,-4.182966232299804688e+01
-2.829981803894042969e+01,4.779700088500976562e+01
2.605566406250000000e+01,6.050578117370605469e+00
3.387285614013671875e+01,-5.127480506896972656e+00
3.470578765869140625e+01,-1.513141536712646484e+01
3.483594894409179688e+01,-1.441615867614746094e+01
-9.164946556091308594e+00,-4.205415344238281250e+01
-1.404031372070312500e+01,-4.002384948730468750e+01
-1.414945602416992188e+01,5.354293060302734375e+01
1.649244117736816406e+01,-3.991815948486328125e+01
4.139966011047363281e+00,-4.292110824584960938e+01
-2.664195823669433594e+01,4.857564544677734375e+01
-2.790763664245605469e+01,-2.626757812500000000e+01
1.637646484375000000e+01,4.228993988037109375e+01
7.676723957061767578e+00,5.339064025878906250e+01
-2.211926460266113281e+01,-3.507463073730468750e+01
7.721332073211669922e+00,1.355076503753662109e+01
3.082995223999023438e+01,-2.684760665893554688e+01
1.107547760009765625e+01,1.282920551300048828e+01
-2.268090724945068359e+00,-4.331334304809570312e+01
-3.352370071411132812e+01,4.470919799804687500e+01
-2.782437896728515625e+01,-4.024998664855957031e+00
-1.807171058654785156e+01,5.237356567382812500e+01
-3.044817161560058594e+01,-1.242479133605957031e+01
-2.940503883361816406e+01,-8.591091156005859375e+00
3.280743789672851562e+01,-2.266048812866210938e+01
-1.158660697937011719e+01,-4.139332580566406250e+01
-2.530403614044189453e+00,5.522272109985351562e+01
1.177409362792968750e+01,-4.159564971923828125e+01
-2.702557373046875000e+01,-1.351240158081054688e+00
-6.232618689537048340e-01,5.550706100463867188e+01
9.289154052734375000e+00,-4.184468460083007812e+01
-3.003429985046386719e+01,-1.835601043701171875e+01
2.522672843933105469e+01,-3.335036468505859375e+01
3.395151138305664062e+01,-4.665208339691162109e+00
9.340476036071777344e+00,-4.182570266723632812e+01
-5.891744047403335571e-02,-4.283505249023437500e+01
-2.851590347290039062e+01,-6.143810749053955078e+00
-4.915571689605712891e+00,-4.280509567260742188e+01
-3.029352378845214844e+01,-2.067641258239746094e+01
-5.359418392181396484e-01,5.548510742187500000e+01
8.152348399162292480e-01,5.509113311767578125e+01
-3.816810607910156250e+01,4.139041137695312500e+01
-3.048737943172454834e-01,5.518446731567382812e+01
1.183136558532714844e+01,-4.121965408325195312e+01
5.886250734329223633e-01,-4.331851577758789062e+01
2.805049896240234375e+01,-3.121059417724609375e+01
-1.362984180450439453e+01,5.396026611328125000e+01
-3.431372070312500000e+01,4.438954925537109375e+01
1.111716270446777344e+01,5.064480590820312500e+01
-1.454971694946289062e+01,-3.984815597534179688e+01
-1.410303783416748047e+01,5.355449295043945312e+01
3.282065200805664062e+01,-2.264441108703613281e+01
2.188586044311523438e+01,-3.609700775146484375e+01
2.061316871643066406e+01,-3.705686950683593750e+01
9.800939559936523438e+00,-4.182373428344726562e+01
1.885174369812011719e+01,-3.827598953247070312e+01
-2.140398216247558594e+01,-3.538396835327148438e+01
2.182661437988281250e+01,-3.678375625610351562e+01
-2.904696655273437500e+01,-6.711010932922363281e+00
-1.315918159484863281e+01,5.376509475708007812e+01
-1.569427585601806641e+01,5.315188598632812500e+01
-1.361546039581298828e+01,5.438381958007812500e+01
1.565160942077636719e+01,4.307888412475585938e+01
-3.106178855895996094e+01,4.593392181396484375e+01
-5.603704929351806641e+00,-4.250252532958984375e+01
1.543703937530517578e+01,4.470367813110351562e+01
-2.838425827026367188e+01,-5.574743747711181641e+00
-2.988385200500488281e+01,-1.286101627349853516e+01
-3.071491622924804688e+01,4.609790802001953125e+01
1.514208126068115234e+01,4.544858551025390625e+01
-3.787073898315429688e+01,4.170685577392578125e+01
-2.696975898742675781e+01,-2.886077117919921875e+01
-3.046577262878417969e+01,-1.381110095977783203e+01
3.187628746032714844e+01,-2.519154167175292969e+01
-2.962915802001953125e+01,-2.206208992004394531e+01
3.076843833923339844e+01,-2.589369583129882812e+01
-2.992866516113281250e+01,-2.153252029418945312e+01
-3.271821498870849609e+00,5.538850784301757812e+01
-1.196720719337463379e+00,5.554336166381835938e+01
-4.997675418853759766e+00,5.531517410278320312e+01
-2.047951126098632812e+01,-3.617178344726562500e+01
1.189494514465332031e+01,-4.121856689453125000e+01
-1.518393635749816895e+00,5.522743606567382812e+01
-3.196005249023437500e+01,4.566091918945312500e+01
1.339705944061279297e+01,4.844849777221679688e+01
-1.822410583496093750e+00,5.560927963256835938e+01
2.491159248352050781e+01,-3.354642486572265625e+01
1.571394634246826172e+01,4.406066513061523438e+01
-2.950115203857421875e+01,-2.255372047424316406e+01
1.510380649566650391e+01,4.559910583496093750e+01
-2.563031959533691406e+01,4.877630233764648438e+01
1.590562725067138672e+01,4.217155456542968750e+01
-3.337329483032226562e+01,4.478601455688476562e+01
-2.397872734069824219e+01,4.897702789306640625e+01
1.066730022430419922e+01,5.128232192993164062e+01
-2.980706977844238281e+01,-1.200961971282958984e+01
8.947494506835937500e+00,5.262472152709960938e+01
-2.092792320251464844e+01,-3.653106689453125000e+01
1.156744194030761719e+01,5.022137832641601562e+01
-4.651232719421386719e+00,5.538670730590820312e+01
-1.664406013488769531e+01,5.307495117187500000e+01
-1.330383300781250000e+01,5.370380401611328125e+01
-5.560928821563720703e+00,5.571159744262695312e+01
-3.798244476318359375e+01,4.138402557373046875e+01
-3.028030776977539062e+01,-1.993898963928222656e+01
-3.735057449340820312e+01,4.193077468872070312e+01
1.602767181396484375e+01,3.949064636230468750e+01
-3.540258407592773438e+01,4.364267349243164062e+01
1.643188858032226562e+01,3.922795486450195312e+01
-2.953666877746582031e+01,4.705740356445312500e+01
-3.437598037719726562e+01,4.434968948364257812e+01
-2.991347885131835938e+01,4.675635147094726562e+01
-2.235860586166381836e+00,5.561838531494140625e+01
-1.168966674804687500e+01,5.442991256713867188e+01
1.618830680847167969e+01,4.141955184936523438e+01
-8.888734579086303711e-01,5.496492004394531250e+01
1.597877311706542969e+01,-4.008426284790039062e+01
-2.861948776245117188e+01,-2.573156356811523438e+01
1.574343681335449219e+01,-4.000414276123046875e+01
-1.598782730102539062e+01,5.310463333129882812e+01
2.688433456420898438e+01,5.124319076538085938e+00
2.588061714172363281e+01,-3.282804107666015625e+01
-2.776544570922851562e+01,-2.672510147094726562e+01
-6.405876159667968750e+00,-4.278151702880859375e+01
3.490298461914062500e+01,-8.240000724792480469e+00
6.629626750946044922e+00,1.453887462615966797e+01
1.559476375579833984e+01,4.367740249633789062e+01
-2.315560579299926758e+00,-4.282787322998046875e+01
-2.326937437057495117e+00,-4.332042694091796875e+01
3.368099975585937500e+01,-4.828932762145996094e+00
3.399259567260742188e+01,-4.721520423889160156e+00
-2.615476036071777344e+01,-3.036277961730957031e+01
-2.615476036071777344e+01,-3.036277961730957031e+01
1.644421577453613281e+01,1.082209396362304688e+01
1.661125564575195312e+01,1.126312065124511719e+01
1.567282581329345703e+01,4.284970855712890625e+01
1.633288383483886719e+01,4.298829269409179688e+01
2.838456916809082031e+01,3.419144392013549805e+00
2.885324096679687500e+01,3.856115341186523438e+00
3.225569915771484375e+01,-9.717711210250854492e-01
3.199629783630371094e+01,-1.129277706146240234e+00
2.154620361328125000e+01,-3.696327209472656250e+01
2.154620361328125000e+01,-3.696327209472656250e+01
-5.819516181945800781e+00,-4.292082595825195312e+01
-5.819516181945800781e+00,-4.292082595825195312e+01
1.012261390686035156e+01,5.119767379760742188e+01
1.037894821166992188e+01,5.153384399414062500e+01
-1.473850250244140625e+01,-4.019420623779296875e+01
-1.473850250244140625e+01,-4.019420623779296875e+01
-5.333191394805908203e+00,5.510300445556640625e+01
-5.333191394805908203e+00,5.510300445556640625e+01
2.936715126037597656e+01,2.716269493103027344e+00
2.936715126037597656e+01,2.716269493103027344e+00
3.537577438354492188e+01,-1.513769626617431641e+01
3.537577438354492188e+01,-1.513769626617431641e+01
1.372510337829589844e+01,4.806639862060546875e+01
1.365021228790283203e+01,4.800379562377929688e+01
-1.279480171203613281e+01,-4.106304168701171875e+01
-1.265225887298583984e+01,-4.072481536865234375e+01
3.495143508911132812e+01,-7.601811885833740234e+00
3.495143508911132812e+01,-7.601812362670898438e+00
1.755559539794921875e+01,1.030361461639404297e+01
1.775668525695800781e+01,1.082917690277099609e+01
2.331944274902343750e+01,-3.541632843017578125e+01
2.322566413879394531e+01,-3.529366683959960938e+01
3.350075149536132812e+01,-3.296833515167236328e+00
3.350075149536132812e+01,-3.296833515167236328e+00
-3.636478424072265625e+01,4.262863159179687500e+01
-3.636478424072265625e+01,4.262863159179687500e+01
1.706410217285156250e+01,-3.954905319213867188e+01
1.682187461853027344e+01,-3.907754135131835938e+01
2.206538391113281250e+01,-3.600013732910156250e+01
2.233231925964355469e+01,-3.636170959472656250e+01
3.401537322998046875e+01,-5.169355392456054688e+00
3.401537322998046875e+01,-5.169355392456054688e+00
3.338926696777343750e+01,-4.128336906433105469e+00
3.490298461914062500e+01,-8.240000724792480469e+00
9.561827659606933594e+00,-4.233036804199218750e+01
9.561827659606933594e+00,-4.233036804199218750e+01
3.351513671875000000e+01,-4.083568096160888672e+00
-2.844830131530761719e+01,-4.305929660797119141e+00
-2.800443649291992188e+01,-4.465394020080566406e+00
9.910812377929687500e+00,-4.214093017578125000e+01
9.831524848937988281e+00,-4.186032104492187500e+01
3.429423522949218750e+01,-7.495996952056884766e+00
3.429423522949218750e+01,-7.495996952056884766e+00
-2.407827186584472656e+01,4.912699127197265625e+01
-2.407827186584472656e+01,4.912699127197265625e+01
-2.547723007202148438e+01,-3.082924461364746094e+01
-3.006702232360839844e+01,-2.133014869689941406e+01
-2.954734611511230469e+01,-2.122302246093750000e+01
1.081966876983642578e+01,-4.171341323852539062e+01
1.081966876983642578e+01,-4.171341323852539062e+01
-5.311208724975585938e+00,-4.284035110473632812e+01
-5.311208724975585938e+00,-4.284035110473632812e+01
-3.098394012451171875e+01,4.655644607543945312e+01
-3.070644760131835938e+01,4.610432434082031250e+01
-2.664776229858398438e+01,-2.969069480895996094e+01
-2.664776229858398438e+01,-2.969069480895996094e+01
3.074974775314331055e+00,-4.312876129150390625e+01
-2.547723007202148438e+01,-3.082924461364746094e+01
9.900668144226074219e+00,5.163969802856445312e+01
9.900668144226074219e+00,5.163969802856445312e+01
3.535073852539062500e+01,-1.359825229644775391e+01
3.477861022949218750e+01,-1.359459495544433594e+01
-2.458720397949218750e+01,4.942594146728515625e+01
-2.480317497253417969e+01,4.988910675048828125e+01
2.125397491455078125e+01,9.117490768432617188e+00
2.125397491455078125e+01,9.117490768432617188e+00
3.324088287353515625e+01,-3.903723955154418945e+00
3.375760650634765625e+01,-3.717495203018188477e+00
-1.752551269531250000e+01,5.278554916381835938e+01
-1.754846191406250000e+01,5.284693908691406250e+01
-1.060633563995361328e+01,-4.148923110961914062e+01
-1.060633563995361328e+01,-4.148923110961914062e+01
-6.115895748138427734e+00,5.505783843994140625e+01
-6.154207229614257812e+00,5.560267257690429688e+01
-1.347475051879882812e+01,5.366157913208007812e+01
-1.366212463378906250e+01,5.436751556396484375e+01
3.074974775314331055e+00,-4.312876129150390625e+01
1.514968395233154297e+01,-4.010625839233398438e+01
1.514564037322998047e+01,-4.009738922119140625e+01
2.494875717163085938e+01,6.593785762786865234e+00
2.516308975219726562e+01,6.906023502349853516e+00
-3.039080238342285156e+01,-1.820384407043457031e+01
-3.012458610534667969e+01,-1.818167686462402344e+01
8.263714790344238281e+00,5.316427230834960938e+01
8.263714790344238281e+00,5.316427230834960938e+01
1.440536975860595703e+01,-4.047433853149414062e+01
1.440536975860595703e+01,-4.047433853149414062e+01
8.184695243835449219e+00,-4.219777679443359375e+01
8.184695243835449219e+00,-4.219777679443359375e+01
-2.409220695495605469e+01,-3.311468887329101562e+01
-2.409220695495605469e+01,-3.311468887329101562e+01
2.824626350402832031e+01,3.532142400741577148e+00
2.873863983154296875e+01,3.998406410217285156e+00
3.219386291503906250e+01,-2.422173309326171875e+01
3.219386291503906250e+01,-2.422173309326171875e+01
1.559476375579833984e+01,4.367740249633789062e+01
-2.535245513916015625e+01,-3.115370750427246094e+01
-2.535245513916015625e+01,-3.115370750427246094e+01
6.629626750946044922e+00,1.453887462615966797e+01
9.334771156311035156e+00,1.364240932464599609e+01
9.334771156311035156e+00,1.364240932464599609e+01
-2.675554847717285156e+01,-1.230665206909179688e+00
-2.676155662536621094e+01,-1.228651762008666992e+00
2.089326858520507812e+01,-3.720725250244140625e+01
2.089208602905273438e+01,-3.720585250854492188e+01
-2.590994071960449219e+01,-3.106251144409179688e+01
-2.590994071960449219e+01,-3.106251144409179688e+01
1.626329994201660156e+01,-3.937059020996093750e+01
1.626329994201660156e+01,-3.937058639526367188e+01
-3.036294937133789062e+01,-1.179520893096923828e+01
-3.036294937133789062e+01,-1.179520893096923828e+01
3.498731994628906250e+01,-1.286550903320312500e+01
3.524072647094726562e+01,-1.285441493988037109e+01
-1.312250709533691406e+01,-4.050691223144531250e+01
-1.312250709533691406e+01,-4.050691223144531250e+01
8.017730712890625000e+00,5.250208663940429688e+01
8.017730712890625000e+00,5.250208663940429688e+01
-2.996587753295898438e+01,-1.334573650360107422e+01
-3.048134803771972656e+01,-1.328797531127929688e+01
-2.924197578430175781e+01,-7.838906288146972656e+00
-2.924197578430175781e+01,-7.838906288146972656e+00
1.902779102325439453e+00,-4.292172241210937500e+01
1.904771089553833008e+00,-4.334179687500000000e+01
-3.244821786880493164e+00,-4.310415649414062500e+01
-3.244821786880493164e+00,-4.310415649414062500e+01
-8.400402069091796875e+00,5.505336380004882812e+01
-8.400402069091796875e+00,5.505336380004882812e+01
-2.318330955505371094e+01,5.051084518432617188e+01
1.990867042541503906e+01,-3.765734100341796875e+01
-3.490116500854492188e+01,4.402925109863281250e+01
-3.031342506408691406e+01,-1.516346359252929688e+01
1.904771089553833008e+00,-4.334179687500000000e+01
-2.506496238708496094e+01,-3.193183135986328125e+01
-1.036017227172851562e+01,-4.195957183837890625e+01
1.760805702209472656e+01,-3.917561721801757812e+01
-2.877965545654296875e+01,-6.741786003112792969e+00
2.014773941040039062e+01,9.269897460937500000e+00
2.757953107357025146e-01,5.517285919189453125e+01
2.216887855529785156e+01,8.486529350280761719e+00
-3.808593750000000000e+01,4.135320281982421875e+01
-1.828961014747619629e+00,5.561034393310546875e+01
-2.864645385742187500e+01,-2.624613761901855469e+01
-8.788965940475463867e-01,5.496055984497070312e+01
-7.055099487304687500e+00,-4.250696563720703125e+01
1.958929061889648438e+01,9.875853538513183594e+00
9.301342010498046875e+00,1.369232559204101562e+01
-3.110477447509765625e+01,4.649426269531250000e+01
-2.978210830688476562e+01,-1.244953060150146484e+01
-1.408250904083251953e+01,-4.064731979370117188e+01
2.111381340026855469e+01,-3.658621215820312500e+01
-3.018563079833984375e+01,-1.981079864501953125e+01
3.343105316162109375e+01,-2.118380928039550781e+01
-2.002288055419921875e+01,-3.674494171142578125e+01
-3.978616333007812500e+01,4.062586212158203125e+01
-2.093414688110351562e+01,-3.566533279418945312e+01
-1.005121612548828125e+01,-4.199261856079101562e+01
-2.380117988586425781e+01,5.001389694213867188e+01
-3.031860923767089844e+01,-1.585612010955810547e+01
3.335359954833984375e+01,-2.801712512969970703e+00
1.308107495307922363e+00,-4.291133117675781250e+01
1.066217517852783203e+01,5.127030181884765625e+01
-2.776508712768554688e+01,-2.740414619445800781e+01
-2.467783633619546890e-03,-4.339576721191406250e+01
2.909657287597656250e+01,3.402908086776733398e+00
7.676109790802001953e+00,-4.243259429931640625e+01
7.843104362487792969e+00,1.415997886657714844e+01
2.823633766174316406e+01,-3.032996177673339844e+01
-2.354912567138671875e+01,5.039061355590820312e+01
3.172868919372558594e+01,-4.390713572502136230e-01
1.317253875732421875e+01,-4.116626739501953125e+01
9.555998802185058594e+00,1.304891777038574219e+01
1.016366100311279297e+01,1.295546722412109375e+01
2.473322486877441406e+01,-3.404272842407226562e+01
-2.882058334350585938e+01,-2.484308052062988281e+01
-1.779463958740234375e+01,5.249433898925781250e+01
3.418614196777343750e+01,-5.838166236877441406e+00
-4.033605098724365234e+00,-4.296164321899414062e+01
-2.909922981262207031e+01,4.737408828735351562e+01
2.550109863281250000e+01,6.140822887420654297e+00
-2.915476226806640625e+01,-6.104197978973388672e+00
-9.646062850952148438e+00,-4.196500396728515625e+01
-2.168141365051269531e+01,-3.586229705810546875e+01
1.628352355957031250e+01,4.314990997314453125e+01
-1.599115467071533203e+01,-3.935943603515625000e+01
-2.448172950744628906e+01,4.961217117309570312e+01
-1.089106798171997070e+00,-4.315806961059570312e+01
1.253085899353027344e+01,4.926008605957031250e+01
-3.513582992553710938e+01,4.387456893920898438e+01
-1.540332031250000000e+01,5.327701568603515625e+01
1.422320842742919922e+01,4.671227645874023438e+01
-3.030963134765625000e+01,-1.558886623382568359e+01
8.702497482299804688e+00,5.217625808715820312e+01
1.214020919799804688e+01,-4.157215499877929688e+01
-2.727050781250000000e+01,4.822556686401367188e+01
-3.030640411376953125e+01,-1.447369861602783203e+01
3.302684402465820312e+01,-2.219480705261230469e+01
8.559389114379882812e+00,-4.256124496459960938e+01
1.365152359008789062e+01,1.203949642181396484e+01
-2.478734779357910156e+01,4.990035629272460938e+01
-2.959172439575195312e+01,4.703438949584960938e+01
-5.617563724517822266e+00,5.569669342041015625e+01
-2.577489852905273438e+01,4.922303009033203125e+01
-3.009732055664062500e+01,-2.128259849548339844e+01
-3.347190141677856445e+00,5.538756942749023438e+01
2.373767852783203125e+01,-3.488507080078125000e+01
2.035527038574218750e+01,-3.736986923217773438e+01
2.679983139038085938e+01,5.275198459625244141e+00
3.471128463745117188e+01,-7.089406967163085938e+00
-6.630519866943359375e+00,5.507390975952148438e+01
3.521293258666992188e+01,-1.426957702636718750e+01
2.913106918334960938e+01,-2.949041748046875000e+01
3.535073852539062500e+01,-1.359825229644775391e+01
2.196840667724609375e+01,-3.666892242431640625e+01
1.260077571868896484e+01,1.235541820526123047e+01
2.532697486877441406e+01,6.252016067504882812e+00
1.657422637939453125e+01,1.128348159790039062e+01
1.424242782592773438e+01,1.197030258178710938e+01
1.440536975860595703e+01,-4.047433853149414062e+01
1.775668525695800781e+01,1.082917690277099609e+01
3.422386169433593750e+01,-1.892559623718261719e+01
2.412330627441406250e+01,-3.455257797241210938e+01
6.717630863189697266e+00,-4.257561874389648438e+01
1.701838302612304688e+01,-3.900773239135742188e+01
-3.681782913208007812e+01,4.227908325195312500e+01
3.289900970458984375e+01,-2.917387485504150391e+00
-2.917079544067382812e+01,-2.372092819213867188e+01
2.974417877197265625e+01,-2.875743484497070312e+01
-7.706261157989501953e+00,5.530873870849609375e+01
1.209677505493164062e+01,4.970560455322265625e+01
-1.287476539611816406e+01,5.434072494506835938e+01
-2.843278121948242188e+01,-4.295257091522216797e+00
-3.482347869873046875e+01,4.358276367187500000e+01
2.278275108337402344e+01,-3.538511276245117188e+01
-2.867547416687011719e+01,4.729882431030273438e+01
-2.354850387573242188e+01,-3.361727523803710938e+01
1.401382350921630859e+01,4.706285476684570312e+01
8.227030754089355469e+00,1.340338230133056641e+01
2.961310958862304688e+01,-2.828771591186523438e+01
1.479174804687500000e+01,1.186621952056884766e+01
-2.938359069824218750e+01,-2.299053001403808594e+01
1.542344856262207031e+01,1.148889350891113281e+01
1.323795890808105469e+01,-4.109920501708984375e+01
-3.030017852783203125e+01,-1.679041481018066406e+01
2.133577537536621094e+01,-3.636716842651367188e+01
-2.266927146911621094e+01,5.055358505249023438e+01
-3.502741241455078125e+01,4.341657257080078125e+01
-2.700534439086914062e+01,-6.277983784675598145e-01
2.802439689636230469e+01,3.981532096862792969e+00
3.430989837646484375e+01,-1.813138198852539062e+01
3.453668594360351562e+01,-1.758606529235839844e+01
-9.899837493896484375e+00,-4.178630447387695312e+01
1.572092247009277344e+01,-3.968428421020507812e+01
-2.457767868041992188e+01,-3.234644699096679688e+01
-2.612534141540527344e+01,-2.989056015014648438e+01
-7.395403385162353516e+00,5.499863433837890625e+01
1.162560081481933594e+01,-4.150500106811523438e+01
-2.609859275817871094e+01,1.240694299340248108e-01
-2.903626632690429688e+01,4.720336532592773438e+01
1.334648609161376953e+01,4.801995086669921875e+01
-5.215626239776611328e+00,5.566262054443359375e+01
-1.331606578826904297e+01,5.445780563354492188e+01
1.318929386138916016e+01,4.850328826904296875e+01
-1.042280483245849609e+01,5.469581985473632812e+01
-1.232937240600585938e+01,5.411844253540039062e+01
2.961200332641601562e+01,-2.828968811035156250e+01
-2.988914108276367188e+01,-1.088231658935546875e+01
3.014284706115722656e+01,-2.809668350219726562e+01
2.575384712219238281e+01,-3.322996520996093750e+01
-2.469736480712890625e+01,4.993534088134765625e+01
-1.083665943145751953e+01,5.462014389038085938e+01
-2.529780769348144531e+01,-3.173771476745605469e+01
-2.084537506103515625e+00,5.502598190307617188e+01
3.432176208496093750e+01,-1.844962310791015625e+01
8.533743858337402344e+00,-4.202947616577148438e+01
-6.125252723693847656e+00,5.560796737670898438e+01
1.716678261756896973e+00,-4.281389999389648438e+01
5.696456432342529297e+00,1.432924652099609375e+01
3.145198631286621094e+01,-2.536549758911132812e+01
-1.793447303771972656e+01,5.283788299560546875e+01
-2.634105682373046875e+01,4.858786010742187500e+01
1.593503856658935547e+01,4.389532852172851562e+01
7.156620979309082031e+00,5.308068847656250000e+01
-2.460376548767089844e+01,-3.242920303344726562e+01
-2.958382987976074219e+01,-9.427883148193359375e+00
-2.978621673583984375e+01,-1.178600120544433594e+01
-1.714470100402832031e+01,5.292077636718750000e+01
3.178393840789794922e+00,-4.282775497436523438e+01
-2.990213394165039062e+01,-1.978050422668457031e+01
9.559881210327148438e+00,5.197820281982421875e+01
-1.819914436340332031e+01,-3.801809310913085938e+01
-9.128857612609863281e+00,5.492233657836914062e+01
-1.562282562255859375e+01,5.363753509521484375e+01
-2.843479728698730469e+01,4.746202850341796875e+01
3.495775222778320312e+01,-7.537662506103515625e+00
3.326821565628051758e+00,-4.288209915161132812e+01
-1.540696811676025391e+01,5.362666702270507812e+01
8.633150100708007812e+00,-4.207146453857421875e+01
-4.109660148620605469e+00,-4.294351196289062500e+01
3.450704193115234375e+01,-1.806221389770507812e+01
-2.765799140930175781e+01,-3.187474012374877930e+00
-3.040844917297363281e+01,-1.863536834716796875e+01
-2.995260238647460938e+01,-1.301809692382812500e+01
1.453644180297851562e+01,4.609400939941406250e+01
1.634255051612854004e+00,-4.280414199829101562e+01
-2.300741767883300781e+01,5.034450912475585938e+01
1.594906997680664062e+01,4.204266357421875000e+01
-2.848748970031738281e+01,-2.666040039062500000e+01
1.441495132446289062e+01,4.626439666748046875e+01
2.113892745971679688e+01,8.816872596740722656e+00
-2.638997650146484375e+01,4.887472915649414062e+01
5.668969154357910156e+00,1.454360294342041016e+01
-1.896772766113281250e+01,5.220087814331054688e+01
-1.289294719696044922e+01,5.388711166381835938e+01
-1.799112319946289062e+00,-4.317989349365234375e+01
-2.688159942626953125e+01,-2.901653289794921875e+01
1.845962905883789062e+01,-3.851307678222656250e+01
-2.687243461608886719e+00,-4.279888153076171875e+01
-2.978536796569824219e+01,-1.253595542907714844e+01
-3.016142654418945312e+01,-1.405114459991455078e+01
-2.272491455078125000e+01,-3.446115493774414062e+01
1.627988433837890625e+01,4.175411987304687500e+01
-6.513340473175048828e+00,5.543500137329101562e+01
3.260573959350585938e+01,-2.391256570816040039e+00
2.108904266357421875e+01,-3.662050247192382812e+01
-3.871714401245117188e+01,4.105002212524414062e+01
3.480729675292968750e+01,-1.453742694854736328e+01
1.439854621887207031e+01,4.629347610473632812e+01
2.331751060485839844e+01,7.839272022247314453e+00
3.081295776367187500e+01,8.684549927711486816e-01
-1.671422958374023438e+01,-3.869240951538085938e+01
-1.787464714050292969e+01,-3.823221969604492188e+01
-1.583870410919189453e+01,-3.942255783081054688e+01
1.731077194213867188e+01,-3.892346572875976562e+01
2.314833450317382812e+01,7.934827804565429688e+00
2.887880134582519531e+01,3.139797210693359375e+00
-2.690491867065429688e+01,-4.567493796348571777e-01
-2.640899085998535156e+01,-8.674922585487365723e-01
2.896249389648437500e+01,-2.914056777954101562e+01
3.253224563598632812e+01,-2.307251739501953125e+01
1.444679546356201172e+01,1.154567527770996094e+01
-2.539269638061523438e+01,4.934653091430664062e+01
-1.444144439697265625e+01,-4.049794387817382812e+01
-2.831697082519531250e+01,-2.659762382507324219e+01
1.582517623901367188e+01,1.144021701812744141e+01
3.070289421081542969e+01,-2.697191810607910156e+01
-1.716810035705566406e+01,-3.867810440063476562e+01
-3.745597076416015625e+01,4.167033004760742188e+01
1.994541549682617188e+01,-3.763624954223632812e+01
1.249307823181152344e+01,4.928221893310546875e+01
-3.566165542602539062e+01,4.339772033691406250e+01
2.840675926208496094e+01,3.402658224105834961e+00
1.548161697387695312e+01,1.126946926116943359e+01
3.393317413330078125e+01,-1.992066383361816406e+01
-3.642461395263671875e+01,4.258129501342773438e+01
8.899973869323730469e+00,1.318877220153808594e+01
1.628139114379882812e+01,1.082446861267089844e+01
1.599158859252929688e+01,3.889658355712890625e+01
1.101160335540771484e+01,1.285260963439941406e+01
-2.973702621459960938e+01,-1.012325000762939453e+01
6.046010255813598633e-01,5.398237609863281250e+01
3.480710601806640625e+01,-1.614112472534179688e+01
1.615047836303710938e+01,-3.942747497558593750e+01
-2.824887275695800781e+01,-3.613608837127685547e+00
-5.053148791193962097e-02,-4.283443450927734375e+01
-2.822851562500000000e+01,-3.573317527770996094e+00
-2.640899085998535156e+01,-8.674922585487365723e-01
-2.859574699401855469e+01,-2.644824981689453125e+01
-3.349389266967773438e+01,4.471895599365234375e+01
-3.108219623565673828e+00,-4.280144119262695312e+01
1.972640037536621094e+01,9.584210395812988281e+00
1.289205551147460938e+01,-4.126879501342773438e+01
2.934642219543457031e+01,2.901522874832153320e+00
-2.521624946594238281e+01,4.897832870483398438e+01
3.990160524845123291e-01,-4.288337326049804688e+01
3.326573944091796875e+01,-2.285589027404785156e+01
3.534558105468750000e+01,-1.385972881317138672e+01
3.423223114013671875e+01,-1.890552711486816406e+01
2.068313217163085938e+01,9.056502342224121094e+00
-1.893710327148437500e+01,-3.753800964355468750e+01
1.589345932006835938e+01,1.099929809570312500e+01
-2.131676483154296875e+01,-3.627904510498046875e+01
3.497578811645507812e+01,-1.134169673919677734e+01
1.843265533447265625e+01,1.002558135986328125e+01
3.341193008422851562e+01,-2.174496650695800781e+01
-3.083956336975097656e+01,4.601998519897460938e+01
3.329434967041015625e+01,-2.209501457214355469e+01
3.271015930175781250e+01,-1.511317014694213867e+00
3.849663734436035156e-01,-4.336075210571289062e+01
2.896249389648437500e+01,-2.914056777954101562e+01
-3.397371292114257812e+01,4.422298049926757812e+01
1.183456301689147949e+00,5.501469421386718750e+01
1.444679546356201172e+01,1.154567432403564453e+01
1.629233741760253906e+01,3.886217880249023438e+01
-2.752395248413085938e+01,-2.579700231552124023e+00
1.004193305969238281e+01,1.338977527618408203e+01
3.397756814956665039e+00,-4.312940597534179688e+01
2.184013366699218750e+01,8.705783843994140625e+00
-2.774022293090820312e+01,-2.694938468933105469e+01
2.498461961746215820e+00,-4.303041458129882812e+01
-1.487419128417968750e+01,5.361625289916992188e+01
5.802262783050537109e+00,1.467461204528808594e+01
3.026054954528808594e+01,-2.768036842346191406e+01
1.646845817565917969e+01,1.083993434906005859e+01
3.448564910888671875e+01,-1.820664596557617188e+01
-1.129733562469482422e+01,-4.145709991455078125e+01
3.165907287597656250e+01,-2.572499275207519531e+01
3.019326591491699219e+01,-2.775808906555175781e+01
-3.901597976684570312e+01,4.092278289794921875e+01
-2.112059783935546875e+01,5.125115966796875000e+01
1.644252395629882812e+01,-3.993965530395507812e+01
-2.771549797058105469e+01,-3.738992929458618164e+00
2.792426347732543945e-01,5.517255783081054688e+01
3.466770553588867188e+01,-1.691424179077148438e+01
7.597829341888427734e+00,5.274406814575195312e+01
-1.372571277618408203e+01,-4.033832931518554688e+01
2.035588264465332031e+01,9.586225509643554688e+00
-2.788695144653320312e+01,-3.103652715682983398e+00
2.565677833557128906e+01,6.643289566040039062e+00
-3.877023696899414062e+01,4.102402496337890625e+01
-2.737830400466918945e+00,5.549008560180664062e+01
-3.168060874938964844e+01,4.576559448242187500e+01
1.495664501190185547e+01,4.648741531372070312e+01
-1.041273498535156250e+01,5.469769287109375000e+01
3.494073867797851562e+01,-1.100414085388183594e+01
3.090650367736816406e+01,-2.677406883239746094e+01
-1.610621452331542969e+01,-3.912893676757812500e+01
2.481492805480957031e+01,-3.364397048950195312e+01
3.236387634277343750e+01,-2.026418209075927734e+00
2.356270790100097656e+01,-3.505432128906250000e+01
3.146249008178710938e+01,-2.535486221313476562e+01
-6.645907163619995117e-01,-4.315184402465820312e+01
3.318072128295898438e+01,-2.467414855957031250e+00
-5.091725826263427734e+00,5.558352661132812500e+01
-2.073185920715332031e+01,-3.586912536621093750e+01
-1.929087257385253906e+01,5.206010437011718750e+01
3.002560997009277344e+01,1.928034305572509766e+00
-1.644890022277832031e+01,-3.898026657104492188e+01
-2.646479988098144531e+01,-2.946457672119140625e+01
-2.821594619750976562e+01,-2.578470611572265625e+01
-2.867093086242675781e+01,4.768206787109375000e+01
-3.232043838500976562e+01,4.544615173339843750e+01
8.641115188598632812e+00,5.220577621459960938e+01
4.324568748474121094e+00,-4.289543914794921875e+01
-3.793423473834991455e-01,5.494713973999023438e+01
2.774783897399902344e+01,4.774453639984130859e+00
-5.976009845733642578e+00,5.508098983764648438e+01
-5.918283462524414062e+00,-4.251087188720703125e+01
2.519058227539062500e+01,6.897003173828125000e+00
1.440281200408935547e+01,4.725764465332031250e+01
1.081083965301513672e+01,-4.171732330322265625e+01
-2.917328071594238281e+01,-6.257561683654785156e+00
-8.155276298522949219e+00,-4.228057861328125000e+01
-2.314795303344726562e+01,5.004019927978515625e+01
-3.048672103881835938e+01,-1.254652786254882812e+01
-1.008619117736816406e+01,-4.165021133422851562e+01
1.544745540618896484e+01,4.467001724243164062e+01
-3.426248550415039062e+01,4.401016616821289062e+01
-2.823616600036621094e+01,-2.699402046203613281e+01
-1.831889152526855469e+01,5.231184005737304688e+01
1.507403469085693359e+01,4.614529418945312500e+01
-2.040074729919433594e+01,-3.623069000244140625e+01
1.775688362121582031e+01,-3.889007949829101562e+01
8.149870038032531738e-01,5.509117507934570312e+01
-2.186917304992675781e+00,-4.286006546020507812e+01
2.171208763122558594e+01,8.637940406799316406e+00
-2.322901153564453125e+01,4.999012756347656250e+01
2.154850769042968750e+01,-3.621871566772460938e+01
1.644013214111328125e+01,3.933199310302734375e+01
-8.698637962341308594e+00,5.497995376586914062e+01
-1.382696247100830078e+01,-4.015579223632812500e+01
2.929807281494140625e+01,-2.936554908752441406e+01
-2.195060157775878906e+01,-3.517226028442382812e+01
-1.003062438964843750e+01,5.476321411132812500e+01
-2.445614051818847656e+01,4.997787475585937500e+01
3.107152938842773438e+01,4.971147477626800537e-01
8.581418037414550781e+00,-4.255614471435546875e+01
-3.153676033020019531e+01,4.595187759399414062e+01
-2.795061874389648438e+01,-2.615977287292480469e+01
2.802692413330078125e+01,-3.043864440917968750e+01
2.729203796386718750e+01,-3.127171897888183594e+01
-3.023255538940429688e+01,-2.084174346923828125e+01
8.490732192993164062e+00,1.395858287811279297e+01
2.413529396057128906e+01,7.342827796936035156e+00
1.568420886993408203e+01,4.281820297241210938e+01
2.291611289978027344e+01,-3.593969726562500000e+01
2.636817169189453125e+01,5.774151802062988281e+00
3.452540588378906250e+01,-8.268596649169921875e+00
2.478929328918457031e+01,-3.408161544799804688e+01
3.133580017089843750e+01,1.349264830350875854e-01
-2.992027091979980469e+01,-1.102900123596191406e+01
1.275965499877929688e+01,-4.087276077270507812e+01
-1.423968601226806641e+01,-3.994221115112304688e+01
3.175277900695800781e+01,-2.566094207763671875e+01
7.538734674453735352e-01,-4.297821807861328125e+01
-3.852627944946289062e+01,4.115196609497070312e+01
-3.773041152954101562e+01,4.183514785766601562e+01
-2.709362220764160156e+01,-9.509459137916564941e-01
1.622395133972167969e+01,4.066381072998046875e+01
-2.213767051696777344e+01,5.078781509399414062e+01
-2.089112663269042969e+01,-3.656391143798828125e+01
-2.964046669006347656e+01,-2.203973007202148438e+01
-5.520583152770996094e+00,5.508935546875000000e+01
7.601324081420898438e+00,5.274156570434570312e+01
-2.955102920532226562e+01,-2.132780456542968750e+01
-6.753222942352294922e+00,-4.245281219482421875e+01
-2.489530372619628906e+01,-3.184193801879882812e+01
-3.031565475463867188e+01,-1.649005317687988281e+01
-3.369382858276367188e+01,4.471900558471679688e+01
-3.560812377929687500e+01,4.310784149169921875e+01
7.633934974670410156e+00,1.419420719146728516e+01
1.793792533874511719e+01,-3.879750061035156250e+01
-1.255872821807861328e+01,-4.114073944091796875e+01
-2.345694351196289062e+01,-3.368030548095703125e+01
-8.466837882995605469e+00,-4.221474838256835938e+01
-3.155900192260742188e+01,4.609743499755859375e+01
3.199082565307617188e+01,-2.489232826232910156e+01
2.743751144409179688e+01,-3.112351989746093750e+01
-1.203589725494384766e+01,-4.106811904907226562e+01
1.626995277404785156e+01,3.988941955566406250e+01
-3.740423202514648438e+01,4.191696929931640625e+01
-1.412156391143798828e+01,-4.063418960571289062e+01
-2.467113876342773438e+01,-3.244042205810546875e+01
-2.904981040954589844e+01,-2.411784172058105469e+01
-2.569234275817871094e+01,4.925136566162109375e+01
6.060903668403625488e-01,5.398228454589843750e+01
-3.253208923339843750e+01,4.531589889526367188e+01
1.389308452606201172e+01,4.738433074951171875e+01
6.530155658721923828e+00,-4.260456466674804688e+01
-1.718546676635742188e+01,-3.866814041137695312e+01
-2.640829658508300781e+01,-8.517749905586242676e-01
2.266177558898925781e+01,-3.604185104370117188e+01
2.548312377929687500e+01,-3.314294433593750000e+01
2.401243972778320312e+01,7.426156044006347656e+00
-3.026602363586425781e+01,-1.799969673156738281e+01
3.309266662597656250e+01,-3.507629394531250000e+00
9.269555091857910156e+00,-4.234428024291992188e+01
3.478948593139648438e+01,-1.594548511505126953e+01
7.635530471801757812e+00,5.342699050903320312e+01
-7.702379226684570312e+00,5.508189392089843750e+01
1.342808246612548828e+01,1.209504508972167969e+01
3.379595565795898438e+01,-3.976614236831665039e+00
-2.104394912719726562e+01,-3.561881256103515625e+01
-1.707184982299804688e+01,-3.893037414550781250e+01
3.316337966918945312e+01,-2.316593170166015625e+01
-2.172692871093750000e+01,-3.560863876342773438e+01
-2.231460571289062500e+01,-3.485390090942382812e+01
-2.869581604003906250e+01,-2.522364616394042969e+01
-3.030058097839355469e+01,-1.672246551513671875e+01
1.324413776397705078e+01,4.836323928833007812e+01
3.230669403076171875e+01,-2.360212326049804688e+01
-2.252639198303222656e+01,-3.465991210937500000e+01
-2.874844169616699219e+01,-5.102413177490234375e+00
-3.397111892700195312e+01,4.438026809692382812e+01
-3.013780212402343750e+01,4.677297973632812500e+01
-3.619668960571289062e+01,4.266820144653320312e+01
-6.343527793884277344e+00,-4.249362564086914062e+01
3.480533981323242188e+01,-8.841314315795898438e+00
-2.852851867675781250e+01,-6.199251174926757812e+00
-2.886948108673095703e+00,-4.328052902221679688e+01
-2.678494691848754883e+00,-4.331376266479492188e+01
-2.916800689697265625e+01,-6.506258487701416016e+00
-1.846655082702636719e+01,5.254785156250000000e+01
1.456295108795166016e+01,1.195781517028808594e+01
1.339153385162353516e+01,1.210768985748291016e+01
1.595112133026123047e+01,4.281295394897460938e+01
1.593978786468505859e+01,3.926734542846679688e+01
-1.331552028656005859e+01,-4.094955825805664062e+01
1.058305835723876953e+01,5.089382171630859375e+01
-2.767222976684570312e+01,-2.868798494338989258e+00
1.459438610076904297e+01,4.699151229858398438e+01
-2.743986511230468750e+01,-2.797294616699218750e+01
-1.631738853454589844e+01,-3.933776855468750000e+01
-2.034883689880371094e+01,-3.682034301757812500e+01
-2.622544670104980469e+01,-2.970273208618164062e+01
-1.435338973999023438e+01,5.409603881835937500e+01
2.824451446533203125e+01,4.307082176208496094e+00
2.866078948974609375e+01,-2.982515907287597656e+01
-3.045409965515136719e+01,-1.249646377563476562e+01
-2.909025573730468750e+01,-7.166342735290527344e+00
6.316210269927978516e+00,1.408790111541748047e+01
-2.132026672363281250e+01,-3.627625274658203125e+01
1.609104537963867188e+01,4.361640548706054688e+01
-1.618779945373535156e+01,5.329197311401367188e+01
3.065577316284179688e+01,-2.589496231079101562e+01
1.621212387084960938e+01,4.123279953002929688e+01
-2.766802024841308594e+01,4.804124832153320312e+01
2.177418518066406250e+01,8.738673210144042969e+00
1.608013343811035156e+01,3.861478424072265625e+01
2.581624221801757812e+01,6.523388385772705078e+00
-3.535822296142578125e+01,4.330789566040039062e+01
8.086339950561523438e+00,-4.250579452514648438e+01
-2.365135574340820312e+01,5.028665542602539062e+01
-2.658716773986816406e+01,-2.997768783569335938e+01
1.169526481628417969e+01,1.263509941101074219e+01
-3.024005317687988281e+01,-1.887056732177734375e+01
-2.977026939392089844e+01,-1.173922729492187500e+01
-3.018329620361328125e+01,-1.126819515228271484e+01
1.522755432128906250e+01,-4.025482177734375000e+01
-2.392488479614257812e+01,-3.311988067626953125e+01
2.990641403198242188e+01,2.071581602096557617e+00
-1.201608943939208984e+01,-4.138669967651367188e+01
-3.708977937698364258e+00,-4.297393417358398438e+01
-8.553483963012695312e+00,-4.219469070434570312e+01
-1.681237411499023438e+01,-3.908039855957031250e+01
2.991522598266601562e+01,-2.854300689697265625e+01
-2.877800464630126953e-01,-4.333757019042968750e+01
1.731998062133789062e+01,-3.944520187377929688e+01
-3.290055465698242188e+01,4.510887908935546875e+01
1.004818344116210938e+01,1.338935852050781250e+01
-1.101101398468017578e+01,-4.165486526489257812e+01
-1.902155494689941406e+01,5.218112564086914062e+01
1.629427337646484375e+01,4.312325286865234375e+01
-2.847868728637695312e+01,-5.820991992950439453e+00
1.728978347778320312e+01,1.056880092620849609e+01
-1.906313133239746094e+01,5.215713500976562500e+01
-2.597265815734863281e+01,4.873173141479492188e+01
2.053115081787109375e+01,9.090443611145019531e+00
1.080463027954101562e+01,5.089965820312500000e+01
-1.165297222137451172e+01,5.444141006469726562e+01
2.441907501220703125e+01,-3.426275253295898438e+01
-3.029982948303222656e+01,-1.674683189392089844e+01
1.487484741210937500e+01,4.576582336425781250e+01
-3.005556678771972656e+01,-1.374845981597900391e+01
1.612966346740722656e+01,1.142738151550292969e+01
2.486472129821777344e+01,6.746446609497070312e+00
-1.306988334655761719e+01,5.442906951904296875e+01
3.471225738525390625e+01,-1.505972480773925781e+01
7.367804527282714844e+00,1.433969974517822266e+01
3.452059173583984375e+01,-8.251085281372070312e+00
1.211424732208251953e+01,4.968948364257812500e+01
1.866990280151367188e+01,1.030731964111328125e+01
-2.808413124084472656e+01,-2.594868087768554688e+01
8.790489196777343750e+00,1.389555358886718750e+01
-3.031180191040039062e+01,-1.575316810607910156e+01
-2.704059410095214844e+01,-7.077205777168273926e-01
-1.233149147033691406e+01,5.452241897583007812e+01
1.257384014129638672e+01,1.235440444946289062e+01
-2.916667556762695312e+01,-2.373466110229492188e+01
3.502415466308593750e+01,-1.284977054595947266e+01
-2.132583379745483398e+00,5.503177642822265625e+01
-7.115102767944335938e+00,-4.249527359008789062e+01
-3.099869918823242188e+01,4.655157852172851562e+01
-1.954959106445312500e+01,-3.713313674926757812e+01
1.319922351837158203e+01,-4.081318664550781250e+01
2.741045951843261719e+01,4.533755302429199219e+00
-2.958081817626953125e+01,-2.087887573242187500e+01
3.268636322021484375e+01,-1.496351003646850586e+00
8.362904548645019531e+00,5.305427169799804688e+01
-2.233588409423828125e+01,5.069698333740234375e+01
-2.863800239562988281e+01,-6.560542583465576172e+00
-3.030916976928710938e+01,-1.497480487823486328e+01
-2.515435218811035156e+00,5.520115661621093750e+01
-1.992230606079101562e+01,5.178914642333984375e+01
3.390580749511718750e+01,-1.227160453796386719e+01
1.158200836181640625e+01,5.020756912231445312e+01
3.199583625793457031e+01,-1.108363986015319824e+00
1.260118293762207031e+01,4.918694686889648438e+01
-2.715190696716308594e+01,-2.853336906433105469e+01
2.251359558105468750e+01,-3.555595016479492188e+01
2.425555610656738281e+01,7.289054393768310547e+00
1.636109733581542969e+01,4.234555053710937500e+01
-3.749391174316406250e+01,4.162073135375976562e+01
-1.200012397766113281e+01,-4.108250045776367188e+01
2.518627357482910156e+01,-3.388195419311523438e+01
7.886467456817626953e+00,5.252394485473632812e+01
7.557841777801513672e+00,1.359748840332031250e+01
-2.102474021911621094e+01,-3.562891769409179688e+01
-2.674708747863769531e+01,4.850419235229492188e+01
-2.822624206542968750e+01,-3.579571485519409180e+00
1.480875587463378906e+01,4.674065780639648438e+01
3.063256263732910156e+01,1.125723123550415039e+00
2.804079818725585938e+01,-3.111670684814453125e+01
2.595624923706054688e+01,-3.283861541748046875e+01
7.146632671356201172e+00,5.322244262695312500e+01
-3.049034309387207031e+01,-1.317071342468261719e+01
1.688991165161132812e+01,-3.965040588378906250e+01
3.461628723144531250e+01,-1.718837928771972656e+01
1.933746910095214844e+01,9.778479576110839844e+00
1.730235099792480469e+01,1.090965938568115234e+01
3.237134170532226562e+01,-2.345792007446289062e+01
-1.564691543579101562e+00,5.502985382080078125e+01
-4.812872409820556641e+00,-4.287027359008789062e+01
3.051431083679199219e+01,1.282539248466491699e+00
5.547136783599853516e+00,-4.273710250854492188e+01
3.288551330566406250e+01,-2.870301485061645508e+00
2.652333259582519531e+01,-3.219772720336914062e+01
2.789433479309082031e+01,-3.050890922546386719e+01
4.135982990264892578e+00,-4.292288970947265625e+01
1.172623634338378906e+01,1.262666988372802734e+01
-2.896953773498535156e+01,4.755401611328125000e+01
8.020861625671386719e+00,1.400134277343750000e+01
-2.395448303222656250e+01,-3.304915237426757812e+01
1.743344306945800781e+01,1.036818695068359375e+01
7.211478233337402344e+00,1.435978221893310547e+01
3.154069137573242188e+01,-2.590826988220214844e+01
3.141232109069824219e+01,-2.609756088256835938e+01
1.175041198730468750e+01,1.261888313293457031e+01
2.252483749389648438e+01,8.286828041076660156e+00
3.011036491394042969e+01,-2.771710205078125000e+01
1.621844291687011719e+01,4.090636444091796875e+01
8.100117683410644531e+00,5.327017211914062500e+01
9.314730644226074219e+00,1.306258678436279297e+01
3.408698272705078125e+01,-1.939365577697753906e+01
3.335610961914062500e+01,-2.247895240783691406e+01
6.639084339141845703e+00,1.394671344757080078e+01
-7.455907821655273438e+00,5.542150497436523438e+01
2.449104118347167969e+01,7.158561706542968750e+00
-1.424059581756591797e+01,5.414060592651367188e+01
2.077782249450683594e+01,9.457317352294921875e+00
3.477701950073242188e+01,-1.588231945037841797e+01
-2.982887268066406250e+01,-1.115318584442138672e+01
7.227300643920898438e+00,1.370971012115478516e+01
2.883846473693847656e+01,3.883134603500366211e+00
-5.851742625236511230e-01,-4.296978759765625000e+01
1.927904510498046875e+01,-3.802967071533203125e+01
1.221128177642822266e+01,-4.112092208862304688e+01
-1.834236335754394531e+01,5.266002273559570312e+01
-1.338964176177978516e+01,-4.091241073608398438e+01
-1.195357418060302734e+01,5.421046829223632812e+01
1.625248908996582031e+01,4.003773498535156250e+01
-2.805737876892089844e+01,4.781956481933593750e+01
3.417703628540039062e+01,-1.906973457336425781e+01
3.235395812988281250e+01,-2.012584447860717773e+00
-2.159391212463378906e+01,-3.604194641113281250e+01
9.160218238830566406e+00,5.231836700439453125e+01
